LGM080_ANI-1.14	704	679	1254	98.864	696	0.0	1	2	98	98	Thunnus maccoyii genome assembly, organelle: mitochondrion	Thunnus maccoyii	6	8	709	5499	6202
LGM080_ANI-1.14	704	679	1254	98.864	696	0.0	1	2	98	98	Thunnus maccoyii voucher TM02-2313 mitochondrion, complete genome	Thunnus maccoyii	6	8	709	5500	6203
LGM080_ANI-1.14	704	676	1249	98.722	695	0.0	1	2	98	98	Thunnus albacares cytochrome oxidase subunit I gene, partial cds; mitochondrial	Thunnus albacares	7	8	709	1	704
LGM080_ANI-1.14	704	673	1243	98.580	694	0.0	1	2	98	98	Thunnus maccoyii mitochondrion, complete genome	Thunnus maccoyii	8	8	709	5500	6203
LGM080_ANI-1.14	704	673	1243	98.580	694	0.0	1	2	98	98	Thunnus thynnus thynnus mitochondrion, complete genome	Thunnus thynnus thynnus	8	8	709	5499	6202
LGM080_ANI-1.14	694	672	1242	98.991	687	0.0	1	2	97	97	Thunnus orientalis cytochrome c oxidase subunit 1 (COX1) gene, partial cds; mitochondrial	Thunnus orientalis	5	12	703	4	697
LGM080_ANI-1.14	704	672	1242	98.295	692	0.0	1	2	98	98	Thunnus maccoyii mitochondrion, complete genome	Thunnus maccoyii	10	8	709	5500	6203
LGM080_ANI-1.14	704	670	1238	98.438	693	0.0	1	2	98	98	Thunnus thynnus mitochondrion, complete genome	Thunnus thynnus	9	8	709	5500	6203
LGM080_ANI-1.14	704	670	1238	98.438	693	0.0	1	2	98	98	Thunnus thynnus isolate DM353 mitochondrion, complete genome	Thunnus thynnus	9	8	709	5500	6203
LGM080_ANI-1.14	704	670	1238	98.438	693	0.0	1	2	98	98	Thunnus thynnus voucher TT02-2312 mitochondrion, complete genome	Thunnus thynnus	9	8	709	5500	6203
LGM009_ANI-3.20	705	690	1275	99.291	700	0.0	0	0	99	99	Euthynnus alletteratus voucher USNM 421831 mitochondrion, complete genome	Euthynnus alletteratus	5	6	710	5503	6207
LGM009_ANI-3.20	705	690	1275	99.291	700	0.0	0	0	99	99	Euthynnus alletteratus mitochondrial DNA, complete genome	Euthynnus alletteratus	5	6	710	6360	7064
LGM009_ANI-3.20	705	681	1258	98.865	697	0.0	0	0	99	99	Euthynnus alletteratus mitochondrial DNA, complete genome	Euthynnus alletteratus	8	6	710	5505	6209
LGM009_ANI-3.20	652	652	1205	100.000	652	0.0	0	0	91	91	Euthynnus alletteratus voucher DPND 2219 cytochrome oxidase subunit 1 (COI) gene, partial cds; mitochondrial	Euthynnus alletteratus	0	32	683	1	652
LGM009_ANI-3.20	652	652	1205	100.000	652	0.0	0	0	91	91	Euthynnus alletteratus voucher MFLV2826 cytochrome oxidase subunit 1 (COI) gene, partial cds; mitochondrial	Euthynnus alletteratus	0	32	683	1	652
LGM009_ANI-3.20	655	652	1205	99.847	654	0.0	0	0	92	92	Euthynnus alletteratus voucher MXIII419 cytochrome oxidase subunit 1 (COI) gene, partial cds; mitochondrial	Euthynnus alletteratus	1	29	683	1	655
LGM009_ANI-3.20	655	652	1205	99.847	654	0.0	0	0	92	92	Euthynnus alletteratus voucher USNM:BIOR_Fish 100405A cytochrome oxidase subunit I (COI) gene, partial cds; mitochondrial	Euthynnus alletteratus	1	32	686	1	655
LGM009_ANI-3.20	652	649	1199	99.847	651	0.0	0	0	91	91	Euthynnus alletteratus voucher DPND 2216 cytochrome oxidase subunit 1 (COI) gene, partial cds; mitochondrial	Euthynnus alletteratus	1	32	683	1	652
LGM009_ANI-3.20	655	649	1199	99.695	653	0.0	0	0	92	92	Euthynnus alletteratus voucher FDA 86 cytochrome oxidase subunit 1 (COI) gene, partial cds; mitochondrial	Euthynnus alletteratus	2	32	686	1	655
LGM009_ANI-3.20	655	649	1199	99.695	653	0.0	0	0	92	92	Euthynnus alletteratus voucher BZLW8263 cytochrome oxidase subunit 1 (COI) gene, partial cds; mitochondrial	Euthynnus alletteratus	2	32	686	1	655
LGM101_ANI-3.14	728	614	1134	95.330	694	0.0	14	24	89	89	Euthynnus alletteratus voucher USNM 421831 mitochondrion, complete genome	Euthynnus alletteratus	10	3	725	6209	5501
LGM101_ANI-3.14	728	614	1134	95.330	694	0.0	14	24	89	89	Euthynnus alletteratus mitochondrial DNA, complete genome	Euthynnus alletteratus	10	3	725	7066	6358
LGM101_ANI-3.14	671	586	1083	96.274	646	0.0	10	20	83	83	Euthynnus alletteratus voucher CSFOM-043 cytochrome oxidase subunit 1 (COI) gene, partial cds; mitochondrial	Euthynnus alletteratus	5	15	683	655	3
LGM101_ANI-3.14	671	585	1081	96.274	646	0.0	12	22	83	83	Euthynnus alletteratus voucher MFLV2868 cytochrome oxidase subunit 1 (COI) gene, partial cds; mitochondrial	Euthynnus alletteratus	3	32	699	652	1
LGM101_ANI-3.14	674	585	1081	96.142	648	0.0	12	22	83	83	Euthynnus alletteratus voucher USNM:BIOR_Fish 100405A cytochrome oxidase subunit I (COI) gene, partial cds; mitochondrial	Euthynnus alletteratus	4	29	699	655	1
LGM101_ANI-3.14	671	582	1075	96.125	645	0.0	12	22	83	83	Euthynnus alletteratus voucher DPND 2216 cytochrome oxidase subunit 1 (COI) gene, partial cds; mitochondrial	Euthynnus alletteratus	4	32	699	652	1
LGM101_ANI-3.14	674	582	1075	95.994	647	0.0	12	22	83	83	Euthynnus alletteratus voucher FDA 86 cytochrome oxidase subunit 1 (COI) gene, partial cds; mitochondrial	Euthynnus alletteratus	5	29	699	655	1
LGM101_ANI-3.14	673	582	1075	95.988	646	0.0	10	20	83	83	Euthynnus alletteratus voucher BZLW8263 cytochrome oxidase subunit 1 (COI) gene, partial cds; mitochondrial	Euthynnus alletteratus	7	29	699	655	1
LGM101_ANI-3.14	671	582	1075	96.125	645	0.0	12	22	83	83	Euthynnus alletteratus voucher MX915 cytochrome oxidase subunit 1 (COI) gene, partial cds; mitochondrial	Euthynnus alletteratus	4	32	699	652	1
LGM101_ANI-3.14	671	582	1075	96.125	645	0.0	12	22	83	83	Euthynnus alletteratus voucher MXIII419 cytochrome oxidase subunit 1 (COI) gene, partial cds; mitochondrial	Euthynnus alletteratus	4	32	699	655	4
LGM019_ANI-3.30	706	673	1243	98.584	696	0.0	5	6	99	99	Euthynnus alletteratus voucher USNM 421831 mitochondrion, complete genome	Euthynnus alletteratus	4	5	704	5502	6207
LGM019_ANI-3.30	706	673	1243	98.584	696	0.0	5	6	99	99	Euthynnus alletteratus mitochondrial DNA, complete genome	Euthynnus alletteratus	4	5	704	6359	7064
LGM019_ANI-3.30	706	664	1227	98.159	693	0.0	5	6	99	99	Euthynnus alletteratus mitochondrial DNA, complete genome	Euthynnus alletteratus	7	5	704	5504	6209
LGM019_ANI-3.30	655	634	1171	99.084	649	0.0	4	6	92	92	Euthynnus alletteratus voucher FDA 86 cytochrome oxidase subunit 1 (COI) gene, partial cds; mitochondrial	Euthynnus alletteratus	0	32	680	1	655
LGM019_ANI-3.30	655	634	1171	99.084	649	0.0	5	6	92	92	Euthynnus alletteratus voucher MXIII419 cytochrome oxidase subunit 1 (COI) gene, partial cds; mitochondrial	Euthynnus alletteratus	0	29	677	1	655
LGM019_ANI-3.30	655	634	1171	99.084	649	0.0	5	6	92	92	Euthynnus alletteratus voucher USNM:BIOR_Fish 100405A cytochrome oxidase subunit I (COI) gene, partial cds; mitochondrial	Euthynnus alletteratus	0	32	680	1	655
LGM019_ANI-3.30	652	631	1166	99.080	646	0.0	5	6	91	91	Euthynnus alletteratus voucher DPND 2216 cytochrome oxidase subunit 1 (COI) gene, partial cds; mitochondrial	Euthynnus alletteratus	0	32	677	1	652
LGM019_ANI-3.30	655	631	1166	98.931	648	0.0	5	6	92	92	Euthynnus alletteratus voucher BZLW8263 cytochrome oxidase subunit 1 (COI) gene, partial cds; mitochondrial	Euthynnus alletteratus	1	32	680	1	655
LGM019_ANI-3.30	652	631	1166	99.080	646	0.0	5	6	91	91	Euthynnus alletteratus voucher MX915 cytochrome oxidase subunit 1 (COI) gene, partial cds; mitochondrial	Euthynnus alletteratus	0	32	677	1	652
LGM019_ANI-3.30	652	631	1166	99.080	646	0.0	4	6	91	91	Euthynnus alletteratus voucher MFLV2883 cytochrome oxidase subunit 1 (COI) gene, partial cds; mitochondrial	Euthynnus alletteratus	0	32	677	1	652
LGM22_ANI-3.31	707	695	1284	99.434	703	0.0	0	0	99	99	Euthynnus alletteratus voucher USNM 421831 mitochondrion, complete genome	Euthynnus alletteratus	4	4	710	5501	6207
LGM22_ANI-3.31	707	695	1284	99.434	703	0.0	0	0	99	99	Euthynnus alletteratus mitochondrial DNA, complete genome	Euthynnus alletteratus	4	4	710	6358	7064
LGM22_ANI-3.31	707	686	1267	99.010	700	0.0	0	0	99	99	Euthynnus alletteratus mitochondrial DNA, complete genome	Euthynnus alletteratus	7	4	710	5503	6209
LGM22_ANI-3.31	655	655	1210	100.000	655	0.0	0	0	92	92	Euthynnus alletteratus voucher MXIII419 cytochrome oxidase subunit 1 (COI) gene, partial cds; mitochondrial	Euthynnus alletteratus	0	29	683	1	655
LGM22_ANI-3.31	655	655	1210	100.000	655	0.0	0	0	92	92	Euthynnus alletteratus voucher USNM:BIOR_Fish 100405A cytochrome oxidase subunit I (COI) gene, partial cds; mitochondrial	Euthynnus alletteratus	0	32	686	1	655
LGM22_ANI-3.31	652	652	1205	100.000	652	0.0	0	0	91	91	Euthynnus alletteratus voucher DPND 2216 cytochrome oxidase subunit 1 (COI) gene, partial cds; mitochondrial	Euthynnus alletteratus	0	32	683	1	652
LGM22_ANI-3.31	655	652	1205	99.847	654	0.0	0	0	92	92	Euthynnus alletteratus voucher FDA 86 cytochrome oxidase subunit 1 (COI) gene, partial cds; mitochondrial	Euthynnus alletteratus	1	32	686	1	655
LGM22_ANI-3.31	655	652	1205	99.847	654	0.0	0	0	92	92	Euthynnus alletteratus voucher BZLW8263 cytochrome oxidase subunit 1 (COI) gene, partial cds; mitochondrial	Euthynnus alletteratus	1	32	686	1	655
LGM22_ANI-3.31	652	652	1205	100.000	652	0.0	0	0	91	91	Euthynnus alletteratus voucher MX915 cytochrome oxidase subunit 1 (COI) gene, partial cds; mitochondrial	Euthynnus alletteratus	0	32	683	1	652
LGM22_ANI-3.31	655	652	1205	99.847	654	0.0	0	0	92	92	Euthynnus alletteratus voucher MXIII420 cytochrome oxidase subunit 1 (COI) gene, partial cds; mitochondrial	Euthynnus alletteratus	1	29	683	1	655
LGM25_ANI-3.34	705	687	1269	99.149	699	0.0	0	0	99	99	Euthynnus alletteratus voucher USNM 421831 mitochondrion, complete genome	Euthynnus alletteratus	6	6	710	5503	6207
LGM25_ANI-3.34	705	687	1269	99.149	699	0.0	0	0	99	99	Euthynnus alletteratus mitochondrial DNA, complete genome	Euthynnus alletteratus	6	6	710	6360	7064
LGM25_ANI-3.34	705	678	1253	98.723	696	0.0	0	0	99	99	Euthynnus alletteratus mitochondrial DNA, complete genome	Euthynnus alletteratus	9	6	710	5505	6209
LGM25_ANI-3.34	652	649	1199	99.847	651	0.0	0	0	91	91	Euthynnus alletteratus voucher DPND 2219 cytochrome oxidase subunit 1 (COI) gene, partial cds; mitochondrial	Euthynnus alletteratus	1	32	683	1	652
LGM25_ANI-3.34	652	649	1199	99.847	651	0.0	0	0	91	91	Euthynnus alletteratus voucher MFLV2826 cytochrome oxidase subunit 1 (COI) gene, partial cds; mitochondrial	Euthynnus alletteratus	1	32	683	1	652
LGM25_ANI-3.34	655	649	1199	99.695	653	0.0	0	0	92	92	Euthynnus alletteratus voucher MXIII419 cytochrome oxidase subunit 1 (COI) gene, partial cds; mitochondrial	Euthynnus alletteratus	2	29	683	1	655
LGM25_ANI-3.34	655	649	1199	99.695	653	0.0	0	0	92	92	Euthynnus alletteratus voucher USNM:BIOR_Fish 100405A cytochrome oxidase subunit I (COI) gene, partial cds; mitochondrial	Euthynnus alletteratus	2	32	686	1	655
LGM25_ANI-3.34	652	646	1194	99.693	650	0.0	0	0	91	91	Euthynnus alletteratus voucher DPND 2216 cytochrome oxidase subunit 1 (COI) gene, partial cds; mitochondrial	Euthynnus alletteratus	2	32	683	1	652
LGM25_ANI-3.34	655	646	1194	99.542	652	0.0	0	0	92	92	Euthynnus alletteratus voucher FDA 86 cytochrome oxidase subunit 1 (COI) gene, partial cds; mitochondrial	Euthynnus alletteratus	3	32	686	1	655
LGM25_ANI-3.34	655	646	1194	99.542	652	0.0	0	0	92	92	Euthynnus alletteratus voucher BZLW8263 cytochrome oxidase subunit 1 (COI) gene, partial cds; mitochondrial	Euthynnus alletteratus	3	32	686	1	655
LGM014_ANI-3.25	710	692	1279	99.155	704	0.0	0	0	99	99	Euthynnus alletteratus voucher USNM 421831 mitochondrion, complete genome	Euthynnus alletteratus	6	5	714	5502	6211
LGM014_ANI-3.25	710	692	1279	99.155	704	0.0	0	0	99	99	Euthynnus alletteratus mitochondrial DNA, complete genome	Euthynnus alletteratus	6	5	714	6359	7068
LGM014_ANI-3.25	710	683	1262	98.732	701	0.0	0	0	99	99	Euthynnus alletteratus mitochondrial DNA, complete genome	Euthynnus alletteratus	9	5	714	5504	6213
LGM014_ANI-3.25	652	652	1205	100.000	652	0.0	0	0	91	91	Euthynnus alletteratus voucher DPND 2219 cytochrome oxidase subunit 1 (COI) gene, partial cds; mitochondrial	Euthynnus alletteratus	0	32	683	1	652
LGM014_ANI-3.25	652	652	1205	100.000	652	0.0	0	0	91	91	Euthynnus alletteratus voucher MFLV2826 cytochrome oxidase subunit 1 (COI) gene, partial cds; mitochondrial	Euthynnus alletteratus	0	32	683	1	652
LGM014_ANI-3.25	655	652	1205	99.847	654	0.0	0	0	92	92	Euthynnus alletteratus voucher MXIII419 cytochrome oxidase subunit 1 (COI) gene, partial cds; mitochondrial	Euthynnus alletteratus	1	29	683	1	655
LGM014_ANI-3.25	655	652	1205	99.847	654	0.0	0	0	92	92	Euthynnus alletteratus voucher USNM:BIOR_Fish 100405A cytochrome oxidase subunit I (COI) gene, partial cds; mitochondrial	Euthynnus alletteratus	1	32	686	1	655
LGM014_ANI-3.25	652	649	1199	99.847	651	0.0	0	0	91	91	Euthynnus alletteratus voucher DPND 2216 cytochrome oxidase subunit 1 (COI) gene, partial cds; mitochondrial	Euthynnus alletteratus	1	32	683	1	652
LGM014_ANI-3.25	655	649	1199	99.695	653	0.0	0	0	92	92	Euthynnus alletteratus voucher FDA 86 cytochrome oxidase subunit 1 (COI) gene, partial cds; mitochondrial	Euthynnus alletteratus	2	32	686	1	655
LGM014_ANI-3.25	655	649	1199	99.695	653	0.0	0	0	92	92	Euthynnus alletteratus voucher BZLW8263 cytochrome oxidase subunit 1 (COI) gene, partial cds; mitochondrial	Euthynnus alletteratus	2	32	686	1	655
LGM61_ANI-2.1	700	561	1037	93.714	656	0.0	12	14	98	98	Azotobacter chroococcum NCIMB 8003, complete genome	Azotobacter chroococcum NCIMB 8003	30	6	693	52195	51498
LGM61_ANI-2.1	700	558	1031	93.571	655	0.0	12	14	98	98	Pseudomonas sp. THAF42 chromosome, complete genome	Pseudomonas sp. THAF42	31	6	693	146398	145701
LGM61_ANI-2.1	700	558	1031	93.571	655	0.0	12	14	98	98	Pseudomonas sp. THAF187a chromosome, complete genome	Pseudomonas sp. THAF187a	31	6	693	146406	145709
LGM61_ANI-2.1	700	558	1031	93.571	655	0.0	11	14	98	98	Pseudomonas stutzeri strain 19SMN4, complete genome	Stutzerimonas stutzeri	31	6	693	4677388	4676691
LGM61_ANI-2.1	700	555	1026	93.429	654	0.0	12	14	98	98	Pseudomonas khazarica strain ODT-83 chromosome, complete genome	Pseudomonas khazarica	32	6	693	115639	114942
LGM61_ANI-2.1	700	555	1026	93.429	654	0.0	12	14	98	98	Pseudomonas oleovorans strain T9AD genome assembly, chromosome: POT9AD	Pseudomonas oleovorans	32	6	693	155446	154749
LGM61_ANI-2.1	700	552	1020	93.286	653	0.0	12	14	98	98	Pseudomonas guangdongensis strain CCTCC 2012022 genome assembly, chromosome: I	Pseudomonas guangdongensis	33	6	693	1071793	1072490
LGM61_ANI-2.1	700	552	1020	93.286	653	0.0	12	14	98	98	Azotobacter chroococcum strain HR1 chromosome, complete genome	Azotobacter chroococcum	33	6	693	41982	41285
LGM61_ANI-2.1	700	549	1014	93.143	652	0.0	11	14	98	98	Azotobacter chroococcum strain B3, complete genome	Azotobacter chroococcum	34	6	693	69765	69068
LGM61_ANI-2.1	700	549	1014	93.143	652	0.0	12	14	98	98	Azotobacter vinelandii CA6, complete genome	Azotobacter vinelandii CA6	34	6	693	102300	102997
LGM48_ANI-1.3	660	639	1181	98.939	653	0.0	0	0	92	92	Olindias sambaquiensis isolate LEM:S01 cytochrome oxidase subunit I (COI) gene, partial cds; mitochondrial	Olindias sambaquiensis	7	26	685	1	660
LGM48_ANI-1.3	637	430	795	89.168	568	0.0	0	0	89	89	Olindias muelleri voucher TR4AS cytochrome oxidase subunit I (COI) gene, partial cds; mitochondrial	Olindias muelleri	69	62	698	1	637
LGM48_ANI-1.3	637	430	795	89.168	568	0.0	0	0	89	89	Olindias muelleri voucher TR3AS cytochrome oxidase subunit I (COI) gene, partial cds; mitochondrial	Olindias muelleri	69	62	698	1	637
LGM48_ANI-1.3	637	430	795	89.168	568	0.0	0	0	89	89	Olindias muelleri voucher TR2AS cytochrome oxidase subunit I (COI) gene, partial cds; mitochondrial	Olindias muelleri	69	62	698	1	637
LGM48_ANI-1.3	637	427	789	89.011	567	0.0	0	0	89	89	Olindias muelleri voucher TR1AS cytochrome oxidase subunit I (COI) gene, partial cds; mitochondrial	Olindias muelleri	70	62	698	1	637
LGM48_ANI-1.3	572	389	719	89.336	511	0.0	0	0	80	80	Olindias phosphorica voucher MHNG:INVE 29811 cytochrome oxidase subunit I (COI) gene, partial cds; mitochondrial	Olindias muelleri	61	62	633	1	572
LGM48_ANI-1.3	701	365	675	84.023	589	0.0	0	0	97	97	Cubaia aphrodite mitochondrion, complete genome	Cubaia aphrodite	112	14	714	4264	3564
LGM48_ANI-1.3	653	354	654	84.839	554	0.0	3	4	91	91	Gonionemus vertens voucher BFHL-1916 cytochrome oxidase subunit 1 (COI) gene, partial cds; mitochondrial	Gonionemus vertens	95	38	688	8	658
LGM48_ANI-1.3	628	351	649	85.350	536	0.0	3	4	87	87	Gonionemus vertens cytochrome oxidase subunit I (COI) gene, partial cds; mitochondrial	Gonionemus vertens	88	38	663	8	633
LGM48_ANI-1.3	707	348	643	83.168	588	8.97e-180	3	4	98	98	Liriope tetraphylla mitochondrion, partial genome	Liriope tetraphylla	115	11	715	5648	4944
LGM23_ANI-3.32	706	683	1262	99.008	699	0.0	1	3	99	99	Euthynnus alletteratus voucher USNM 421831 mitochondrion, complete genome	Euthynnus alletteratus	4	5	707	5502	6207
LGM23_ANI-3.32	706	683	1262	99.008	699	0.0	1	3	99	99	Euthynnus alletteratus mitochondrial DNA, complete genome	Euthynnus alletteratus	4	5	707	6359	7064
LGM23_ANI-3.32	706	674	1245	98.584	696	0.0	1	3	99	99	Euthynnus alletteratus mitochondrial DNA, complete genome	Euthynnus alletteratus	7	5	707	5504	6209
LGM23_ANI-3.32	655	644	1190	99.542	652	0.0	1	3	92	92	Euthynnus alletteratus voucher FDA 86 cytochrome oxidase subunit 1 (COI) gene, partial cds; mitochondrial	Euthynnus alletteratus	0	32	683	1	655
LGM23_ANI-3.32	655	644	1190	99.542	652	0.0	1	3	92	92	Euthynnus alletteratus voucher MXIII419 cytochrome oxidase subunit 1 (COI) gene, partial cds; mitochondrial	Euthynnus alletteratus	0	29	680	1	655
LGM23_ANI-3.32	655	644	1190	99.542	652	0.0	1	3	92	92	Euthynnus alletteratus voucher USNM:BIOR_Fish 100405A cytochrome oxidase subunit I (COI) gene, partial cds; mitochondrial	Euthynnus alletteratus	0	32	683	1	655
LGM23_ANI-3.32	652	641	1184	99.540	649	0.0	1	3	91	91	Euthynnus alletteratus voucher DPND 2216 cytochrome oxidase subunit 1 (COI) gene, partial cds; mitochondrial	Euthynnus alletteratus	0	32	680	1	652
LGM23_ANI-3.32	655	641	1184	99.389	651	0.0	1	3	92	92	Euthynnus alletteratus voucher BZLW8263 cytochrome oxidase subunit 1 (COI) gene, partial cds; mitochondrial	Euthynnus alletteratus	1	32	683	1	655
LGM23_ANI-3.32	652	641	1184	99.540	649	0.0	1	3	91	91	Euthynnus alletteratus voucher MX915 cytochrome oxidase subunit 1 (COI) gene, partial cds; mitochondrial	Euthynnus alletteratus	0	32	680	1	652
LGM23_ANI-3.32	652	641	1184	99.540	649	0.0	1	3	91	91	Euthynnus alletteratus voucher MFLV2883 cytochrome oxidase subunit 1 (COI) gene, partial cds; mitochondrial	Euthynnus alletteratus	0	32	680	1	652
LGM26_ANI-3.35	706	638	1179	97.025	685	0.0	7	9	90	90	Euthynnus alletteratus voucher USNM 421831 mitochondrion, complete genome	Euthynnus alletteratus	12	5	702	6207	5503
LGM26_ANI-3.35	706	638	1179	97.025	685	0.0	7	9	90	90	Euthynnus alletteratus mitochondrial DNA, complete genome	Euthynnus alletteratus	12	5	702	7064	6360
LGM26_ANI-3.35	706	629	1162	96.601	682	0.0	7	9	90	90	Euthynnus alletteratus mitochondrial DNA, complete genome	Euthynnus alletteratus	15	5	702	6209	5505
LGM26_ANI-3.35	653	601	1110	97.550	637	0.0	6	8	83	83	Euthynnus alletteratus voucher USNM:BIOR_Fish 100405A cytochrome oxidase subunit I (COI) gene, partial cds; mitochondrial	Euthynnus alletteratus	8	29	673	655	3
LGM26_ANI-3.35	656	600	1109	97.409	639	0.0	7	9	83	83	Euthynnus alletteratus voucher MXIII420 cytochrome oxidase subunit 1 (COI) gene, partial cds; mitochondrial	Euthynnus alletteratus	8	32	679	655	1
LGM26_ANI-3.35	656	600	1109	97.409	639	0.0	7	9	83	83	Euthynnus alletteratus voucher MXIII419 cytochrome oxidase subunit 1 (COI) gene, partial cds; mitochondrial	Euthynnus alletteratus	8	32	679	655	1
LGM26_ANI-3.35	650	598	1105	97.538	634	0.0	6	8	83	83	Euthynnus alletteratus voucher DPND 2216 cytochrome oxidase subunit 1 (COI) gene, partial cds; mitochondrial	Euthynnus alletteratus	8	32	673	652	3
LGM26_ANI-3.35	653	598	1105	97.397	636	0.0	6	8	83	83	Euthynnus alletteratus voucher FDA 86 cytochrome oxidase subunit 1 (COI) gene, partial cds; mitochondrial	Euthynnus alletteratus	9	29	673	655	3
LGM26_ANI-3.35	653	598	1105	97.397	636	0.0	6	8	83	83	Euthynnus alletteratus voucher BZLW8263 cytochrome oxidase subunit 1 (COI) gene, partial cds; mitochondrial	Euthynnus alletteratus	9	29	673	655	3
LGM26_ANI-3.35	650	598	1105	97.538	634	0.0	6	8	83	83	Euthynnus alletteratus voucher MX915 cytochrome oxidase subunit 1 (COI) gene, partial cds; mitochondrial	Euthynnus alletteratus	8	32	673	652	3
LGM32_ANI-3.41	704	688	1271	99.290	699	0.0	1	1	99	99	Euthynnus alletteratus voucher USNM 421831 mitochondrion, complete genome	Euthynnus alletteratus	4	6	708	5503	6206
LGM32_ANI-3.41	704	688	1271	99.290	699	0.0	1	1	99	99	Euthynnus alletteratus mitochondrial DNA, complete genome	Euthynnus alletteratus	4	6	708	6360	7063
LGM32_ANI-3.41	704	682	1260	99.006	697	0.0	1	1	99	99	Euthynnus alletteratus mitochondrial DNA, complete genome	Euthynnus alletteratus	6	6	708	5505	6208
LGM32_ANI-3.41	655	651	1203	99.847	654	0.0	1	1	92	92	Euthynnus alletteratus voucher MXIII419 cytochrome oxidase subunit 1 (COI) gene, partial cds; mitochondrial	Euthynnus alletteratus	0	29	682	1	655
LGM32_ANI-3.41	655	651	1203	99.847	654	0.0	1	1	92	92	Euthynnus alletteratus voucher USNM:BIOR_Fish 100405A cytochrome oxidase subunit I (COI) gene, partial cds; mitochondrial	Euthynnus alletteratus	0	32	685	1	655
LGM32_ANI-3.41	652	648	1197	99.847	651	0.0	1	1	91	91	Euthynnus alletteratus voucher DPND 2216 cytochrome oxidase subunit 1 (COI) gene, partial cds; mitochondrial	Euthynnus alletteratus	0	32	682	1	652
LGM32_ANI-3.41	655	648	1197	99.695	653	0.0	1	1	92	92	Euthynnus alletteratus voucher FDA 86 cytochrome oxidase subunit 1 (COI) gene, partial cds; mitochondrial	Euthynnus alletteratus	1	32	685	1	655
LGM32_ANI-3.41	655	648	1197	99.695	653	0.0	1	1	92	92	Euthynnus alletteratus voucher BZLW8263 cytochrome oxidase subunit 1 (COI) gene, partial cds; mitochondrial	Euthynnus alletteratus	1	32	685	1	655
LGM32_ANI-3.41	652	648	1197	99.847	651	0.0	1	1	91	91	Euthynnus alletteratus voucher MX915 cytochrome oxidase subunit 1 (COI) gene, partial cds; mitochondrial	Euthynnus alletteratus	0	32	682	1	652
LGM32_ANI-3.41	655	648	1197	99.695	653	0.0	1	1	92	92	Euthynnus alletteratus voucher MXIII420 cytochrome oxidase subunit 1 (COI) gene, partial cds; mitochondrial	Euthynnus alletteratus	1	29	682	1	655
LGM30_ANI-3.39	705	693	1280	99.433	701	0.0	0	0	99	99	Euthynnus alletteratus voucher USNM 421831 mitochondrion, complete genome	Euthynnus alletteratus	4	5	709	5502	6206
LGM30_ANI-3.39	705	693	1280	99.433	701	0.0	0	0	99	99	Euthynnus alletteratus mitochondrial DNA, complete genome	Euthynnus alletteratus	4	5	709	6359	7063
LGM30_ANI-3.39	705	684	1264	99.007	698	0.0	0	0	99	99	Euthynnus alletteratus mitochondrial DNA, complete genome	Euthynnus alletteratus	7	5	709	5504	6208
LGM30_ANI-3.39	655	655	1210	100.000	655	0.0	0	0	92	92	Euthynnus alletteratus voucher MXIII419 cytochrome oxidase subunit 1 (COI) gene, partial cds; mitochondrial	Euthynnus alletteratus	0	29	683	1	655
LGM30_ANI-3.39	655	655	1210	100.000	655	0.0	0	0	92	92	Euthynnus alletteratus voucher USNM:BIOR_Fish 100405A cytochrome oxidase subunit I (COI) gene, partial cds; mitochondrial	Euthynnus alletteratus	0	32	686	1	655
LGM30_ANI-3.39	652	652	1205	100.000	652	0.0	0	0	91	91	Euthynnus alletteratus voucher DPND 2216 cytochrome oxidase subunit 1 (COI) gene, partial cds; mitochondrial	Euthynnus alletteratus	0	32	683	1	652
LGM30_ANI-3.39	655	652	1205	99.847	654	0.0	0	0	92	92	Euthynnus alletteratus voucher FDA 86 cytochrome oxidase subunit 1 (COI) gene, partial cds; mitochondrial	Euthynnus alletteratus	1	32	686	1	655
LGM30_ANI-3.39	655	652	1205	99.847	654	0.0	0	0	92	92	Euthynnus alletteratus voucher BZLW8263 cytochrome oxidase subunit 1 (COI) gene, partial cds; mitochondrial	Euthynnus alletteratus	1	32	686	1	655
LGM30_ANI-3.39	652	652	1205	100.000	652	0.0	0	0	91	91	Euthynnus alletteratus voucher MX915 cytochrome oxidase subunit 1 (COI) gene, partial cds; mitochondrial	Euthynnus alletteratus	0	32	683	1	652
LGM30_ANI-3.39	655	652	1205	99.847	654	0.0	0	0	92	92	Euthynnus alletteratus voucher MXIII420 cytochrome oxidase subunit 1 (COI) gene, partial cds; mitochondrial	Euthynnus alletteratus	1	29	683	1	655
LGM012_ANI-3.23	710	695	1284	99.296	705	0.0	0	0	99	99	Euthynnus alletteratus voucher USNM 421831 mitochondrion, complete genome	Euthynnus alletteratus	5	5	714	5502	6211
LGM012_ANI-3.23	710	695	1284	99.296	705	0.0	0	0	99	99	Euthynnus alletteratus mitochondrial DNA, complete genome	Euthynnus alletteratus	5	5	714	6359	7068
LGM012_ANI-3.23	710	686	1267	98.873	702	0.0	0	0	99	99	Euthynnus alletteratus mitochondrial DNA, complete genome	Euthynnus alletteratus	8	5	714	5504	6213
LGM012_ANI-3.23	655	655	1210	100.000	655	0.0	0	0	92	92	Euthynnus alletteratus voucher MXIII419 cytochrome oxidase subunit 1 (COI) gene, partial cds; mitochondrial	Euthynnus alletteratus	0	29	683	1	655
LGM012_ANI-3.23	655	655	1210	100.000	655	0.0	0	0	92	92	Euthynnus alletteratus voucher USNM:BIOR_Fish 100405A cytochrome oxidase subunit I (COI) gene, partial cds; mitochondrial	Euthynnus alletteratus	0	32	686	1	655
LGM012_ANI-3.23	652	652	1205	100.000	652	0.0	0	0	91	91	Euthynnus alletteratus voucher DPND 2216 cytochrome oxidase subunit 1 (COI) gene, partial cds; mitochondrial	Euthynnus alletteratus	0	32	683	1	652
LGM012_ANI-3.23	655	652	1205	99.847	654	0.0	0	0	92	92	Euthynnus alletteratus voucher FDA 86 cytochrome oxidase subunit 1 (COI) gene, partial cds; mitochondrial	Euthynnus alletteratus	1	32	686	1	655
LGM012_ANI-3.23	655	652	1205	99.847	654	0.0	0	0	92	92	Euthynnus alletteratus voucher BZLW8263 cytochrome oxidase subunit 1 (COI) gene, partial cds; mitochondrial	Euthynnus alletteratus	1	32	686	1	655
LGM012_ANI-3.23	652	652	1205	100.000	652	0.0	0	0	91	91	Euthynnus alletteratus voucher MX915 cytochrome oxidase subunit 1 (COI) gene, partial cds; mitochondrial	Euthynnus alletteratus	0	32	683	1	652
LGM012_ANI-3.23	655	652	1205	99.847	654	0.0	0	0	92	92	Euthynnus alletteratus voucher MXIII420 cytochrome oxidase subunit 1 (COI) gene, partial cds; mitochondrial	Euthynnus alletteratus	1	29	683	1	655
LGM016_ANI-3.27	709	691	1277	99.154	703	0.0	0	0	99	99	Euthynnus alletteratus voucher USNM 421831 mitochondrion, complete genome	Euthynnus alletteratus	6	6	714	5503	6211
LGM016_ANI-3.27	709	691	1277	99.154	703	0.0	0	0	99	99	Euthynnus alletteratus mitochondrial DNA, complete genome	Euthynnus alletteratus	6	6	714	6360	7068
LGM016_ANI-3.27	709	682	1260	98.731	700	0.0	0	0	99	99	Euthynnus alletteratus mitochondrial DNA, complete genome	Euthynnus alletteratus	9	6	714	5505	6213
LGM016_ANI-3.27	652	652	1205	100.000	652	0.0	0	0	91	91	Euthynnus alletteratus voucher DPND 2219 cytochrome oxidase subunit 1 (COI) gene, partial cds; mitochondrial	Euthynnus alletteratus	0	32	683	1	652
LGM016_ANI-3.27	652	652	1205	100.000	652	0.0	0	0	91	91	Euthynnus alletteratus voucher MFLV2826 cytochrome oxidase subunit 1 (COI) gene, partial cds; mitochondrial	Euthynnus alletteratus	0	32	683	1	652
LGM016_ANI-3.27	655	652	1205	99.847	654	0.0	0	0	92	92	Euthynnus alletteratus voucher MXIII419 cytochrome oxidase subunit 1 (COI) gene, partial cds; mitochondrial	Euthynnus alletteratus	1	29	683	1	655
LGM016_ANI-3.27	655	652	1205	99.847	654	0.0	0	0	92	92	Euthynnus alletteratus voucher USNM:BIOR_Fish 100405A cytochrome oxidase subunit I (COI) gene, partial cds; mitochondrial	Euthynnus alletteratus	1	32	686	1	655
LGM016_ANI-3.27	652	649	1199	99.847	651	0.0	0	0	91	91	Euthynnus alletteratus voucher DPND 2216 cytochrome oxidase subunit 1 (COI) gene, partial cds; mitochondrial	Euthynnus alletteratus	1	32	683	1	652
LGM016_ANI-3.27	655	649	1199	99.695	653	0.0	0	0	92	92	Euthynnus alletteratus voucher FDA 86 cytochrome oxidase subunit 1 (COI) gene, partial cds; mitochondrial	Euthynnus alletteratus	2	32	686	1	655
LGM016_ANI-3.27	655	649	1199	99.695	653	0.0	0	0	92	92	Euthynnus alletteratus voucher BZLW8263 cytochrome oxidase subunit 1 (COI) gene, partial cds; mitochondrial	Euthynnus alletteratus	2	32	686	1	655
LGM28_ANI-3.37	706	663	1225	98.159	693	0.0	4	8	89	89	Euthynnus alletteratus voucher USNM 421831 mitochondrion, complete genome	Euthynnus alletteratus	5	6	704	6206	5502
LGM28_ANI-3.37	706	663	1225	98.159	693	0.0	4	8	89	89	Euthynnus alletteratus mitochondrial DNA, complete genome	Euthynnus alletteratus	5	6	704	7063	6359
LGM28_ANI-3.37	706	654	1208	97.734	690	0.0	4	8	89	89	Euthynnus alletteratus mitochondrial DNA, complete genome	Euthynnus alletteratus	8	6	704	6208	5504
LGM28_ANI-3.37	653	625	1155	98.775	645	0.0	4	8	83	83	Euthynnus alletteratus voucher DPND 2219 cytochrome oxidase subunit 1 (COI) gene, partial cds; mitochondrial	Euthynnus alletteratus	0	32	677	652	1
LGM28_ANI-3.37	653	625	1155	98.775	645	0.0	4	8	83	83	Euthynnus alletteratus voucher MFLV2826 cytochrome oxidase subunit 1 (COI) gene, partial cds; mitochondrial	Euthynnus alletteratus	0	32	677	652	1
LGM28_ANI-3.37	656	625	1155	98.628	647	0.0	4	8	83	83	Euthynnus alletteratus voucher MXIII419 cytochrome oxidase subunit 1 (COI) gene, partial cds; mitochondrial	Euthynnus alletteratus	1	32	680	655	1
LGM28_ANI-3.37	656	625	1155	98.628	647	0.0	4	8	83	83	Euthynnus alletteratus voucher USNM:BIOR_Fish 100405A cytochrome oxidase subunit I (COI) gene, partial cds; mitochondrial	Euthynnus alletteratus	1	29	677	655	1
LGM28_ANI-3.37	653	622	1149	98.622	644	0.0	4	8	83	83	Euthynnus alletteratus voucher DPND 2216 cytochrome oxidase subunit 1 (COI) gene, partial cds; mitochondrial	Euthynnus alletteratus	1	32	677	652	1
LGM28_ANI-3.37	656	622	1149	98.476	646	0.0	4	8	83	83	Euthynnus alletteratus voucher FDA 86 cytochrome oxidase subunit 1 (COI) gene, partial cds; mitochondrial	Euthynnus alletteratus	2	29	677	655	1
LGM28_ANI-3.37	656	622	1149	98.476	646	0.0	4	8	83	83	Euthynnus alletteratus voucher BZLW8263 cytochrome oxidase subunit 1 (COI) gene, partial cds; mitochondrial	Euthynnus alletteratus	2	29	677	655	1
LGM119_ANI-2.9	712	610	1127	95.506	680	0.0	8	12	89	89	Litopenaeus vannamei mitochondrion, complete genome	Penaeus vannamei	20	5	714	15	716
LGM119_ANI-2.9	712	607	1122	95.365	679	0.0	8	12	89	89	Penaeus vannamei mitochondrion, complete genome	Penaeus vannamei	21	5	714	1478	2179
LGM119_ANI-2.9	711	606	1120	95.359	678	0.0	8	12	89	89	Litopenaeus vannamei cytochrome oxidase subunit I (COI) gene, partial cds; mitochondrial	Penaeus vannamei	21	9	717	3	703
LGM119_ANI-2.9	681	600	1109	96.329	656	0.0	8	12	85	85	Litopenaeus vannamei voucher ihb201308674 cytochrome oxidase subunit 1 (COI) gene, partial cds; mitochondrial	Penaeus vannamei	13	24	702	1	671
LGM119_ANI-2.9	681	600	1109	96.329	656	0.0	8	12	85	85	Litopenaeus vannamei voucher ihb201308675 cytochrome oxidase subunit 1 (COI) gene, partial cds; mitochondrial	Penaeus vannamei	13	24	702	1	671
LGM119_ANI-2.9	688	595	1099	95.785	659	0.0	8	12	86	86	Litopenaeus vannamei isolate CAS06 cytochrome oxidase subunit I (COI) gene, partial cds; mitochondrial	Penaeus vannamei	17	36	721	12	689
LGM119_ANI-2.9	694	595	1099	95.533	663	0.0	8	12	86	86	Litopenaeus vannamei isolate CAS04 cytochrome oxidase subunit I (COI) gene, partial cds; mitochondrial	Penaeus vannamei	19	30	721	9	692
LGM119_ANI-2.9	684	594	1098	95.906	656	0.0	8	12	85	85	Penaeus vannamei isolate sample_7 cytochrome c oxidase subunit I (COI) gene, partial cds; mitochondrial	Penaeus vannamei	16	27	708	1	674
LGM119_ANI-2.9	703	591	1092	95.021	668	0.0	10	14	87	87	P.vannanei mRNA for cytochrome oxidase I	Penaeus vannamei	21	15	714	1	692
LGM119_ANI-2.9	668	590	1090	96.407	644	0.0	8	12	83	83	Litopenaeus vannamei voucher MT08296 cytochrome oxidase subunit I (COI) gene, partial cds; mitochondrial	Penaeus vannamei	12	32	697	1	658
LGM58_ANI-1.5	600	597	1103	99.833	599	0.0	0	0	83	83	Lolliguncula brevis isolate LbrSA200 cytochrome c oxidase subunit I (COI) gene, partial cds; mitochondrial	Lolliguncula brevis	1	62	661	1	600
LGM58_ANI-1.5	600	594	1098	99.667	598	0.0	0	0	83	83	Lolliguncula brevis isolate LbrPA668 cytochrome oxidase subunit I (COI) gene, partial cds; mitochondrial	Lolliguncula brevis	2	62	661	1	600
LGM58_ANI-1.5	600	594	1098	99.667	598	0.0	0	0	83	83	Lolliguncula brevis isolate LbrBA244 cytochrome oxidase subunit I (COI) gene, partial cds; mitochondrial	Lolliguncula brevis	2	62	661	1	600
LGM58_ANI-1.5	600	594	1098	99.667	598	0.0	0	0	83	83	Lolliguncula brevis isolate LbrSA818 cytochrome c oxidase subunit I (COI) gene, partial cds; mitochondrial	Lolliguncula brevis	2	62	661	1	600
LGM58_ANI-1.5	600	594	1098	99.667	598	0.0	0	0	83	83	Lolliguncula brevis isolate LbrSA243 cytochrome c oxidase subunit I (COI) gene, partial cds; mitochondrial	Lolliguncula brevis	2	62	661	1	600
LGM58_ANI-1.5	656	533	985	93.750	615	0.0	0	0	91	91	Lolliguncula brevis voucher USNM:IZ:1287307 cytochrome oxidase subunit 1 (COI) gene, partial cds; mitochondrial	Lolliguncula brevis	41	32	687	1	656
LGM58_ANI-1.5	656	530	979	93.598	614	0.0	0	0	91	91	Lolliguncula brevis voucher USNM:IZ:1287267 cytochrome oxidase subunit 1 (COI) gene, partial cds; mitochondrial	Lolliguncula brevis	42	32	687	1	656
LGM58_ANI-1.5	651	495	915	92.012	599	0.0	0	0	91	91	Uroteuthis duvauceli cytochrome oxidase subunit I (COI) gene, partial cds; mitochondrial	Uroteuthis duvaucelii	52	32	682	1	651
LGM58_ANI-1.5	600	489	904	93.833	563	0.0	0	0	83	83	Lolliguncula brevis isolate lb7 cytochrome oxidase subunit 1 (COI) gene, partial cds; mitochondrial	Lolliguncula brevis	37	44	643	1	600
LGM58_ANI-1.5	600	489	904	93.833	563	0.0	0	0	83	83	Lolliguncula brevis isolate lb2 cytochrome oxidase subunit 1 (COI) gene, partial cds; mitochondrial	Lolliguncula brevis	37	44	643	1	600
LGM050_ANI-3.12	706	665	1229	98.159	693	0.0	4	4	90	90	Callorhinchus callorynchus mitochondrion, complete genome	Callorhinchus callorynchus	9	6	709	6150	5447
LGM050_ANI-3.12	657	643	1188	99.391	653	0.0	4	4	84	84	Callorhinchus callorynchus voucher SWFSC:1 cytochrome oxidase subunit I (COI) gene, partial cds; mitochondrial	Callorhinchus callorynchus	0	29	683	655	1
LGM050_ANI-3.12	657	640	1182	99.239	652	0.0	4	4	84	84	Callorhinchus callorynchus voucher SWFSC:5 cytochrome oxidase subunit I (COI) gene, partial cds; mitochondrial	Callorhinchus callorynchus	1	29	683	655	1
LGM050_ANI-3.12	657	640	1182	99.239	652	0.0	4	4	84	84	Callorhinchus callorynchus voucher SWFSC:42 cytochrome oxidase subunit I (COI) gene, partial cds; mitochondrial	Callorhinchus callorynchus	1	29	683	655	1
LGM050_ANI-3.12	657	640	1182	99.239	652	0.0	4	4	84	84	Callorhinchus callorynchus voucher SWFSC:32 cytochrome oxidase subunit I (COI) gene, partial cds; mitochondrial	Callorhinchus callorynchus	1	29	683	655	1
LGM050_ANI-3.12	657	640	1182	99.239	652	0.0	4	4	84	84	Callorhinchus callorynchus voucher SWFSC:17 cytochrome oxidase subunit I (COI) gene, partial cds; mitochondrial	Callorhinchus callorynchus	1	29	683	655	1
LGM050_ANI-3.12	657	640	1182	99.239	652	0.0	4	4	84	84	Callorhinchus callorynchus voucher SWFSC:123 cytochrome oxidase subunit I (COI) gene, partial cds; mitochondrial	Callorhinchus callorynchus	1	29	683	655	1
LGM050_ANI-3.12	657	640	1182	99.239	652	0.0	4	4	84	84	Callorhinchus callorynchus voucher SWFSC:121 cytochrome oxidase subunit I (COI) gene, partial cds; mitochondrial	Callorhinchus callorynchus	1	29	683	655	1
LGM050_ANI-3.12	657	640	1182	99.239	652	0.0	4	4	84	84	Callorhinchus callorynchus voucher SWFSC:11 cytochrome oxidase subunit I (COI) gene, partial cds; mitochondrial	Callorhinchus callorynchus	1	29	683	655	1
LGM050_ANI-3.12	654	640	1182	99.388	650	0.0	4	4	83	83	Callorhinchus callorynchus isolate FARG004-06 cytochrome oxidase subunit I (COI) gene, partial cds; mitochondrial	Callorhinchus callorynchus	0	32	683	652	1
LGM035_ANI-3.2	705	690	1275	99.291	700	0.0	0	0	99	99	Euthynnus alletteratus voucher USNM 421831 mitochondrion, complete genome	Euthynnus alletteratus	5	5	709	5502	6206
LGM035_ANI-3.2	705	690	1275	99.291	700	0.0	0	0	99	99	Euthynnus alletteratus mitochondrial DNA, complete genome	Euthynnus alletteratus	5	5	709	6359	7063
LGM035_ANI-3.2	705	681	1258	98.865	697	0.0	0	0	99	99	Euthynnus alletteratus mitochondrial DNA, complete genome	Euthynnus alletteratus	8	5	709	5504	6208
LGM035_ANI-3.2	652	652	1205	100.000	652	0.0	0	0	91	91	Euthynnus alletteratus voucher DPND 2219 cytochrome oxidase subunit 1 (COI) gene, partial cds; mitochondrial	Euthynnus alletteratus	0	32	683	1	652
LGM035_ANI-3.2	652	652	1205	100.000	652	0.0	0	0	91	91	Euthynnus alletteratus voucher MFLV2826 cytochrome oxidase subunit 1 (COI) gene, partial cds; mitochondrial	Euthynnus alletteratus	0	32	683	1	652
LGM035_ANI-3.2	655	652	1205	99.847	654	0.0	0	0	92	92	Euthynnus alletteratus voucher MXIII419 cytochrome oxidase subunit 1 (COI) gene, partial cds; mitochondrial	Euthynnus alletteratus	1	29	683	1	655
LGM035_ANI-3.2	655	652	1205	99.847	654	0.0	0	0	92	92	Euthynnus alletteratus voucher USNM:BIOR_Fish 100405A cytochrome oxidase subunit I (COI) gene, partial cds; mitochondrial	Euthynnus alletteratus	1	32	686	1	655
LGM035_ANI-3.2	652	649	1199	99.847	651	0.0	0	0	91	91	Euthynnus alletteratus voucher DPND 2216 cytochrome oxidase subunit 1 (COI) gene, partial cds; mitochondrial	Euthynnus alletteratus	1	32	683	1	652
LGM035_ANI-3.2	655	649	1199	99.695	653	0.0	0	0	92	92	Euthynnus alletteratus voucher FDA 86 cytochrome oxidase subunit 1 (COI) gene, partial cds; mitochondrial	Euthynnus alletteratus	2	32	686	1	655
LGM035_ANI-3.2	655	649	1199	99.695	653	0.0	0	0	92	92	Euthynnus alletteratus voucher BZLW8263 cytochrome oxidase subunit 1 (COI) gene, partial cds; mitochondrial	Euthynnus alletteratus	2	32	686	1	655
P0267_ANI-1.2	708	690	1275	99.153	702	0.0	0	0	98	98	Lepidochelys olivacea isolate CGG-01Lol mitochondrion, complete genome	Lepidochelys olivacea	6	8	715	5419	6126
P0267_ANI-1.2	708	690	1275	99.153	702	0.0	0	0	98	98	Lepidochelys olivacea isolate 78920 mitochondrion, partial genome	Lepidochelys olivacea	6	8	715	5420	6127
P0267_ANI-1.2	708	690	1275	99.153	702	0.0	0	0	98	98	Lepidochelys olivacea isolate 55352 mitochondrion, partial genome	Lepidochelys olivacea	6	8	715	5417	6124
P0267_ANI-1.2	708	690	1275	99.153	702	0.0	0	0	98	98	Lepidochelys olivacea voucher LO-COI-AP1 cytochrome oxidase subunit I (COI) gene, partial cds; mitochondrial	Lepidochelys olivacea	6	8	715	1	708
P0267_ANI-1.2	663	657	1214	99.698	661	0.0	0	0	92	92	Lepidochelys olivacea voucher AUTK76 cytochrome oxidase subunit I (COI) gene, partial cds; mitochondrial	Lepidochelys olivacea	2	37	699	1	663
P0267_ANI-1.2	708	654	1208	97.458	690	0.0	0	0	98	98	Lepidochelys kempii isolate 23 mitochondrion, complete genome	Lepidochelys kempii	18	8	715	5407	6114
P0267_ANI-1.2	708	654	1208	97.458	690	0.0	0	0	98	98	Lepidochelys kempii isolate 6 mitochondrion, complete genome	Lepidochelys kempii	18	8	715	5407	6114
P0267_ANI-1.2	708	654	1208	97.458	690	0.0	0	0	98	98	Lepidochelys kempii isolate 13 mitochondrion, complete genome	Lepidochelys kempii	18	8	715	5407	6114
P0267_ANI-1.2	708	654	1208	97.458	690	0.0	0	0	98	98	Lepidochelys kempii isolate 3 mitochondrion, complete genome	Lepidochelys kempii	18	8	715	5407	6114
P0267_ANI-1.2	708	654	1208	97.458	690	0.0	0	0	98	98	Lepidochelys kempii isolate MT1 mitochondrion, complete genome	Lepidochelys kempii	18	8	715	5407	6114
LGM103_ANI-1.15	660	654	1208	99.697	658	0.0	0	0	92	92	Olindias sambaquiensis isolate LEM:S01 cytochrome oxidase subunit I (COI) gene, partial cds; mitochondrial	Olindias sambaquiensis	2	26	685	1	660
LGM103_ANI-1.15	637	430	795	89.168	568	0.0	0	0	89	89	Olindias muelleri voucher TR4AS cytochrome oxidase subunit I (COI) gene, partial cds; mitochondrial	Olindias muelleri	69	62	698	1	637
LGM103_ANI-1.15	637	430	795	89.168	568	0.0	0	0	89	89	Olindias muelleri voucher TR3AS cytochrome oxidase subunit I (COI) gene, partial cds; mitochondrial	Olindias muelleri	69	62	698	1	637
LGM103_ANI-1.15	637	430	795	89.168	568	0.0	0	0	89	89	Olindias muelleri voucher TR2AS cytochrome oxidase subunit I (COI) gene, partial cds; mitochondrial	Olindias muelleri	69	62	698	1	637
LGM103_ANI-1.15	637	427	789	89.011	567	0.0	0	0	89	89	Olindias muelleri voucher TR1AS cytochrome oxidase subunit I (COI) gene, partial cds; mitochondrial	Olindias muelleri	70	62	698	1	637
LGM103_ANI-1.15	572	389	719	89.336	511	0.0	0	0	80	80	Olindias phosphorica voucher MHNG:INVE 29811 cytochrome oxidase subunit I (COI) gene, partial cds; mitochondrial	Olindias muelleri	61	62	633	1	572
LGM103_ANI-1.15	653	345	638	84.380	551	4.17e-178	2	4	91	91	Gonionemus vertens voucher BFHL-1916 cytochrome oxidase subunit 1 (COI) gene, partial cds; mitochondrial	Gonionemus vertens	98	38	688	8	658
LGM103_ANI-1.15	704	344	636	82.955	584	1.50e-177	0	0	98	98	Liriope tetraphylla mitochondrion, partial genome	Liriope tetraphylla	120	11	714	5648	4945
LGM103_ANI-1.15	628	342	632	84.873	533	1.94e-176	2	4	87	87	Gonionemus vertens cytochrome oxidase subunit I (COI) gene, partial cds; mitochondrial	Gonionemus vertens	91	38	663	8	633
LGM103_ANI-1.15	711	338	625	82.700	588	3.25e-174	6	8	98	98	Varitentacula yantaiensis voucher IOCAS:36031 cytochrome oxidase subunit I (COX1) gene, partial cds; mitochondrial	Varitentacula yantaiensis	115	6	712	1	707
LGM117_ANI-2.4	576	435	804	92.535	533	0.0	20	23	95	86	Pseudomonas lundensis strain 2T.2.5.2 chromosome, complete genome	Pseudomonas lundensis	20	3	555	165427	164852
LGM117_ANI-2.4	64	44	82.4	90.625	58	7.86e-11	2	3	95	9	Pseudomonas lundensis strain 2T.2.5.2 chromosome, complete genome	Pseudomonas lundensis	3	576	636	164789	164726
LGM117_ANI-2.4	575	435	804	92.522	532	0.0	19	22	96	86	Pseudomonas lundensis strain AU1044 chromosome, complete genome	Pseudomonas lundensis	21	3	555	2124724	2125298
LGM117_ANI-2.4	66	46	86.1	90.909	60	6.08e-12	2	3	96	10	Pseudomonas lundensis strain AU1044 chromosome, complete genome	Pseudomonas lundensis	3	574	636	2125359	2125424
LGM117_ANI-2.4	576	432	798	92.361	532	0.0	20	23	96	86	Pseudomonas lundensis strain M105 chromosome, complete genome	Pseudomonas lundensis	21	3	555	3942548	3943123
LGM117_ANI-2.4	66	46	86.1	90.909	60	6.08e-12	2	3	96	10	Pseudomonas lundensis strain M105 chromosome, complete genome	Pseudomonas lundensis	3	574	636	3943184	3943249
LGM117_ANI-2.4	576	432	798	92.361	532	0.0	20	23	96	86	Pseudomonas lundensis strain M101 chromosome, complete genome	Pseudomonas lundensis	21	3	555	2907677	2907102
LGM117_ANI-2.4	66	46	86.1	90.909	60	6.08e-12	2	3	96	10	Pseudomonas lundensis strain M101 chromosome, complete genome	Pseudomonas lundensis	3	574	636	2907041	2906976
LGM117_ANI-2.4	565	398	736	90.796	513	0.0	19	21	84	84	Pseudomonas sp. NIBRBAC000502773 chromosome, complete genome	Pseudomonas sp. NIBRBAC000502773	31	3	546	3354005	3353441
LGM117_ANI-2.4	576	396	732	90.278	520	0.0	21	23	86	86	Pseudomonas azotoformans strain P45A chromosome, complete genome	Pseudomonas azotoformans	33	3	555	60998	60423
LGM117_ANI-2.4	576	396	732	90.278	520	0.0	21	23	86	86	Pseudomonas libanensis strain DMSP-1 chromosome, complete genome	Pseudomonas libanensis	33	3	555	60189	59614
LGM117_ANI-2.4	576	396	732	90.278	520	0.0	22	23	86	86	Pseudomonas cedrina strain BS2981 genome assembly, chromosome: I	Pseudomonas cedrina	33	3	555	5741660	5741085
LGM117_ANI-2.4	574	391	723	90.070	517	0.0	22	23	85	85	Pseudomonas fluorescens strain KF1 chromosome, complete genome	Pseudomonas fluorescens	34	3	553	332844	332271
LGM117_ANI-2.4	576	390	721	89.931	518	0.0	22	23	86	86	Pseudomonas orientalis strain BS2775 genome assembly, chromosome: I	Pseudomonas orientalis	35	3	555	4030853	4030278
LGM33_ANI-3.42	704	688	1271	99.290	699	0.0	1	1	99	99	Euthynnus alletteratus voucher USNM 421831 mitochondrion, complete genome	Euthynnus alletteratus	4	6	708	5503	6206
LGM33_ANI-3.42	704	688	1271	99.290	699	0.0	1	1	99	99	Euthynnus alletteratus mitochondrial DNA, complete genome	Euthynnus alletteratus	4	6	708	6360	7063
LGM33_ANI-3.42	704	682	1260	99.006	697	0.0	1	1	99	99	Euthynnus alletteratus mitochondrial DNA, complete genome	Euthynnus alletteratus	6	6	708	5505	6208
LGM33_ANI-3.42	655	651	1203	99.847	654	0.0	1	1	92	92	Euthynnus alletteratus voucher MXIII419 cytochrome oxidase subunit 1 (COI) gene, partial cds; mitochondrial	Euthynnus alletteratus	0	29	682	1	655
LGM33_ANI-3.42	655	651	1203	99.847	654	0.0	1	1	92	92	Euthynnus alletteratus voucher USNM:BIOR_Fish 100405A cytochrome oxidase subunit I (COI) gene, partial cds; mitochondrial	Euthynnus alletteratus	0	32	685	1	655
LGM33_ANI-3.42	652	648	1197	99.847	651	0.0	1	1	91	91	Euthynnus alletteratus voucher DPND 2216 cytochrome oxidase subunit 1 (COI) gene, partial cds; mitochondrial	Euthynnus alletteratus	0	32	682	1	652
LGM33_ANI-3.42	655	648	1197	99.695	653	0.0	1	1	92	92	Euthynnus alletteratus voucher FDA 86 cytochrome oxidase subunit 1 (COI) gene, partial cds; mitochondrial	Euthynnus alletteratus	1	32	685	1	655
LGM33_ANI-3.42	655	648	1197	99.695	653	0.0	1	1	92	92	Euthynnus alletteratus voucher BZLW8263 cytochrome oxidase subunit 1 (COI) gene, partial cds; mitochondrial	Euthynnus alletteratus	1	32	685	1	655
LGM33_ANI-3.42	652	648	1197	99.847	651	0.0	1	1	91	91	Euthynnus alletteratus voucher MX915 cytochrome oxidase subunit 1 (COI) gene, partial cds; mitochondrial	Euthynnus alletteratus	0	32	682	1	652
LGM33_ANI-3.42	655	648	1197	99.695	653	0.0	1	1	92	92	Euthynnus alletteratus voucher MXIII420 cytochrome oxidase subunit 1 (COI) gene, partial cds; mitochondrial	Euthynnus alletteratus	1	29	682	1	655
LGM06_ANI-3.10	709	683	1262	98.872	701	0.0	1	4	99	99	Euthynnus alletteratus voucher USNM 421831 mitochondrion, complete genome	Euthynnus alletteratus	4	4	708	5501	6209
LGM06_ANI-3.10	709	683	1262	98.872	701	0.0	1	4	99	99	Euthynnus alletteratus mitochondrial DNA, complete genome	Euthynnus alletteratus	4	4	708	6358	7066
LGM06_ANI-3.10	709	677	1251	98.590	699	0.0	2	4	99	99	Euthynnus alletteratus mitochondrial DNA, complete genome	Euthynnus alletteratus	6	4	708	5503	6211
LGM06_ANI-3.10	655	641	1184	99.389	651	0.0	1	4	92	92	Euthynnus alletteratus voucher MXIII419 cytochrome oxidase subunit 1 (COI) gene, partial cds; mitochondrial	Euthynnus alletteratus	0	29	679	1	655
LGM06_ANI-3.10	655	641	1184	99.389	651	0.0	1	4	92	92	Euthynnus alletteratus voucher USNM:BIOR_Fish 100405A cytochrome oxidase subunit I (COI) gene, partial cds; mitochondrial	Euthynnus alletteratus	0	32	682	1	655
LGM06_ANI-3.10	652	638	1179	99.387	648	0.0	1	4	91	91	Euthynnus alletteratus voucher DPND 2216 cytochrome oxidase subunit 1 (COI) gene, partial cds; mitochondrial	Euthynnus alletteratus	0	32	679	1	652
LGM06_ANI-3.10	655	638	1179	99.237	650	0.0	1	4	92	92	Euthynnus alletteratus voucher FDA 86 cytochrome oxidase subunit 1 (COI) gene, partial cds; mitochondrial	Euthynnus alletteratus	1	32	682	1	655
LGM06_ANI-3.10	655	638	1179	99.237	650	0.0	1	4	92	92	Euthynnus alletteratus voucher BZLW8263 cytochrome oxidase subunit 1 (COI) gene, partial cds; mitochondrial	Euthynnus alletteratus	1	32	682	1	655
LGM06_ANI-3.10	652	638	1179	99.387	648	0.0	1	4	91	91	Euthynnus alletteratus voucher MX915 cytochrome oxidase subunit 1 (COI) gene, partial cds; mitochondrial	Euthynnus alletteratus	0	32	679	1	652
LGM06_ANI-3.10	655	638	1179	99.237	650	0.0	1	4	92	92	Euthynnus alletteratus voucher MXIII420 cytochrome oxidase subunit 1 (COI) gene, partial cds; mitochondrial	Euthynnus alletteratus	1	29	679	1	655
LGM020_ANI-1.3	660	639	1181	98.939	653	0.0	0	0	92	92	Olindias sambaquiensis isolate LEM:S01 cytochrome oxidase subunit I (COI) gene, partial cds; mitochondrial	Olindias sambaquiensis	7	26	685	1	660
LGM020_ANI-1.3	637	430	795	89.168	568	0.0	0	0	89	89	Olindias muelleri voucher TR4AS cytochrome oxidase subunit I (COI) gene, partial cds; mitochondrial	Olindias muelleri	69	62	698	1	637
LGM020_ANI-1.3	637	430	795	89.168	568	0.0	0	0	89	89	Olindias muelleri voucher TR3AS cytochrome oxidase subunit I (COI) gene, partial cds; mitochondrial	Olindias muelleri	69	62	698	1	637
LGM020_ANI-1.3	637	430	795	89.168	568	0.0	0	0	89	89	Olindias muelleri voucher TR2AS cytochrome oxidase subunit I (COI) gene, partial cds; mitochondrial	Olindias muelleri	69	62	698	1	637
LGM020_ANI-1.3	637	427	789	89.011	567	0.0	0	0	89	89	Olindias muelleri voucher TR1AS cytochrome oxidase subunit I (COI) gene, partial cds; mitochondrial	Olindias muelleri	70	62	698	1	637
LGM020_ANI-1.3	572	389	719	89.336	511	0.0	0	0	80	80	Olindias phosphorica voucher MHNG:INVE 29811 cytochrome oxidase subunit I (COI) gene, partial cds; mitochondrial	Olindias muelleri	61	62	633	1	572
LGM020_ANI-1.3	701	365	675	84.023	589	0.0	0	0	97	97	Cubaia aphrodite mitochondrion, complete genome	Cubaia aphrodite	112	14	714	4264	3564
LGM020_ANI-1.3	653	354	654	84.839	554	0.0	3	4	91	91	Gonionemus vertens voucher BFHL-1916 cytochrome oxidase subunit 1 (COI) gene, partial cds; mitochondrial	Gonionemus vertens	95	38	688	8	658
LGM020_ANI-1.3	628	351	649	85.350	536	0.0	3	4	87	87	Gonionemus vertens cytochrome oxidase subunit I (COI) gene, partial cds; mitochondrial	Gonionemus vertens	88	38	663	8	633
LGM020_ANI-1.3	707	348	643	83.168	588	8.97e-180	3	4	98	98	Liriope tetraphylla mitochondrion, partial genome	Liriope tetraphylla	115	11	715	5648	4944
LGM011_ANI-3.22	711	692	1279	99.156	705	0.0	1	1	99	99	Euthynnus alletteratus voucher USNM 421831 mitochondrion, complete genome	Euthynnus alletteratus	5	4	713	5501	6211
LGM011_ANI-3.22	711	692	1279	99.156	705	0.0	1	1	99	99	Euthynnus alletteratus mitochondrial DNA, complete genome	Euthynnus alletteratus	5	4	713	6358	7068
LGM011_ANI-3.22	711	686	1267	98.875	703	0.0	1	1	99	99	Euthynnus alletteratus mitochondrial DNA, complete genome	Euthynnus alletteratus	7	4	713	5503	6213
LGM011_ANI-3.22	655	651	1203	99.847	654	0.0	1	1	92	92	Euthynnus alletteratus voucher MXIII419 cytochrome oxidase subunit 1 (COI) gene, partial cds; mitochondrial	Euthynnus alletteratus	0	29	682	1	655
LGM011_ANI-3.22	655	651	1203	99.847	654	0.0	1	1	92	92	Euthynnus alletteratus voucher USNM:BIOR_Fish 100405A cytochrome oxidase subunit I (COI) gene, partial cds; mitochondrial	Euthynnus alletteratus	0	32	685	1	655
LGM011_ANI-3.22	652	648	1197	99.847	651	0.0	1	1	91	91	Euthynnus alletteratus voucher DPND 2216 cytochrome oxidase subunit 1 (COI) gene, partial cds; mitochondrial	Euthynnus alletteratus	0	32	682	1	652
LGM011_ANI-3.22	655	648	1197	99.695	653	0.0	1	1	92	92	Euthynnus alletteratus voucher FDA 86 cytochrome oxidase subunit 1 (COI) gene, partial cds; mitochondrial	Euthynnus alletteratus	1	32	685	1	655
LGM011_ANI-3.22	655	648	1197	99.695	653	0.0	1	1	92	92	Euthynnus alletteratus voucher BZLW8263 cytochrome oxidase subunit 1 (COI) gene, partial cds; mitochondrial	Euthynnus alletteratus	1	32	685	1	655
LGM011_ANI-3.22	652	648	1197	99.847	651	0.0	1	1	91	91	Euthynnus alletteratus voucher MX915 cytochrome oxidase subunit 1 (COI) gene, partial cds; mitochondrial	Euthynnus alletteratus	0	32	682	1	652
LGM011_ANI-3.22	655	648	1197	99.695	653	0.0	1	1	92	92	Euthynnus alletteratus voucher MXIII420 cytochrome oxidase subunit 1 (COI) gene, partial cds; mitochondrial	Euthynnus alletteratus	1	29	682	1	655
LGM67_ANI-1.11	774	196	363	75.323	583	3.06e-95	9	10	99	99	Scopelocheirus schellenbergi clone SS1_BsaBI_7 cytochrome oxidase subunit I (COI) gene, partial cds; mitochondrial	Scopelocheirus schellenbergi	181	6	774	1	769
LGM67_ANI-1.11	774	195	361	75.323	583	1.10e-94	10	11	99	99	Eurythenes gryllus clone EG_HinfI_6 cytochrome oxidase subunit I (COI) gene, partial cds; mitochondrial	Eurythenes gryllus	180	6	774	1	768
LGM67_ANI-1.11	775	189	350	75.097	582	2.38e-91	10	13	99	99	Eurythenes gryllus clone EG_SacII_2 cytochrome oxidase subunit I (COI) gene, partial cds; mitochondrial	Eurythenes gryllus	180	6	774	1	768
LGM67_ANI-1.11	776	186	344	75.000	582	1.11e-89	13	16	99	99	Scopelocheirus schellenbergi clone SS1_HinfI_3 cytochrome oxidase subunit I (COI) gene, partial cds; mitochondrial	Scopelocheirus schellenbergi	178	6	773	1	768
LGM67_ANI-1.11	690	174	322	75.217	519	5.19e-83	7	8	88	88	Scopelocheirus schellenbergi clone SS2_HinfI_2 cytochrome oxidase subunit I (COI) gene, partial cds; mitochondrial	Scopelocheirus schellenbergi	163	6	691	1	686
LGM67_ANI-1.11	278	62	115	74.820	208	9.46e-21	9	12	35	35	Candidatus Pelagibacter giovannonii strain NP1 chromosome, complete genome	Candidatus Pelagibacter giovannonii	58	503	774	1029518	1029789
LGM67_ANI-1.11	147	59	110	80.272	118	4.40e-19	2	2	19	19	Conus floridulus isolate MW-621 cytochrome c oxidase subunit I (COI) gene, partial cds; mitochondrial	Conus floridulus	27	629	774	564	709
LGM67_ANI-1.11	144	59	110	80.556	116	4.40e-19	2	2	18	18	Cethosia cydippe voucher NW137-4 cytochrome oxidase subunit I (COI) gene, partial cds; mitochondrial	Cethosia cydippe	26	627	769	512	654
LGM67_ANI-1.11	142	56	104	80.282	114	2.05e-17	4	4	18	18	Conus infrenatus isolate CGX-If-2003 cytochrome c oxidase subunit I (COI) gene, partial cds; mitochondrial	Conus infrenatus	24	635	774	570	709
LGM67_ANI-1.11	136	56	104	80.882	110	2.05e-17	4	4	17	17	Conus chaldaeus cytochrome c oxidase subunit I (COI) gene, partial cds; mitochondrial	Conus chaldaeus	22	641	774	576	709
LGM122_ANI-2.5	718	391	723	85.933	617	0.0	38	47	98	98	Bradyrhizobium cosmicum strain 58S1 chromosome, complete genome	Bradyrhizobium cosmicum	54	6	677	2103216	2103932
LGM122_ANI-2.5	715	388	717	85.874	614	0.0	38	47	97	97	Bradyrhizobium guangzhouense strain CCBAU 51670 chromosome, complete genome	Bradyrhizobium guangzhouense	54	6	674	6794540	6795253
LGM122_ANI-2.5	718	382	706	85.515	614	0.0	38	47	98	98	Bradyrhizobium sp. CCBAU 53340 chromosome, complete genome	Bradyrhizobium sp. CCBAU 53340	57	6	677	7404396	7405112
LGM122_ANI-2.5	721	376	695	85.160	614	0.0	38	47	98	98	Bradyrhizobium cosmicum S23321 DNA, complete genome	Bradyrhizobium cosmicum	60	6	680	828879	828160
LGM122_ANI-2.5	721	373	689	85.021	613	0.0	37	47	98	98	Bradyrhizobium betae strain PL7HG1 chromosome, complete genome	Bradyrhizobium betae	61	6	680	3967933	3967214
LGM122_ANI-2.5	723	373	689	85.062	615	0.0	39	51	98	98	Bradyrhizobium sp. 186 chromosome, complete genome	Bradyrhizobium sp. 186	57	6	680	618520	617801
LGM122_ANI-2.5	718	373	689	85.097	611	0.0	38	47	98	98	Bradyrhizobium sp. 195 chromosome, complete genome	Bradyrhizobium sp. 195	60	6	677	7551134	7551850
LGM122_ANI-2.5	719	373	689	85.118	612	0.0	41	49	98	98	Bradyrhizobium genosp. B strain BDV5040 chromosome, complete genome	Bradyrhizobium genosp. B	58	6	677	7260529	7261245
LGM122_ANI-2.5	720	369	682	84.861	611	0.0	39	47	98	98	Bradyrhizobium amphicarpaeae strain 39S1MB chromosome, complete genome	Bradyrhizobium amphicarpaeae	62	7	680	462720	462002
LGM122_ANI-2.5	716	364	673	84.777	607	0.0	41	49	97	97	Bradyrhizobium sp. 200 chromosome, complete genome	Bradyrhizobium sp. 200	60	6	674	8665787	8666500
LGM52_ANI-1.4	707	689	1273	99.151	701	0.0	0	0	98	98	Callorhinchus callorynchus mitochondrion, complete genome	Callorhinchus callorynchus	6	8	714	5447	6153
LGM52_ANI-1.4	707	659	1218	97.737	691	0.0	0	0	98	98	Callorhinchus capensis mitochondrion, complete genome	Callorhinchus capensis	16	8	714	5448	6154
LGM52_ANI-1.4	655	652	1205	99.847	654	0.0	0	0	91	91	Callorhinchus callorynchus voucher SWFSC:1 cytochrome oxidase subunit I (COI) gene, partial cds; mitochondrial	Callorhinchus callorynchus	1	34	688	1	655
LGM52_ANI-1.4	652	652	1205	100.000	652	0.0	0	0	91	91	Callorhinchus callorynchus isolate FARG003-06 cytochrome oxidase subunit I (COI) gene, partial cds; mitochondrial	Callorhinchus callorynchus	0	34	685	1	652
LGM52_ANI-1.4	655	649	1199	99.695	653	0.0	0	0	91	91	Callorhinchus callorynchus voucher SWFSC:5 cytochrome oxidase subunit I (COI) gene, partial cds; mitochondrial	Callorhinchus callorynchus	2	34	688	1	655
LGM52_ANI-1.4	655	649	1199	99.695	653	0.0	0	0	91	91	Callorhinchus callorynchus voucher SWFSC:42 cytochrome oxidase subunit I (COI) gene, partial cds; mitochondrial	Callorhinchus callorynchus	2	34	688	1	655
LGM52_ANI-1.4	655	649	1199	99.695	653	0.0	0	0	91	91	Callorhinchus callorynchus voucher SWFSC:32 cytochrome oxidase subunit I (COI) gene, partial cds; mitochondrial	Callorhinchus callorynchus	2	34	688	1	655
LGM52_ANI-1.4	655	649	1199	99.695	653	0.0	0	0	91	91	Callorhinchus callorynchus voucher SWFSC:17 cytochrome oxidase subunit I (COI) gene, partial cds; mitochondrial	Callorhinchus callorynchus	2	34	688	1	655
LGM52_ANI-1.4	655	649	1199	99.695	653	0.0	0	0	91	91	Callorhinchus callorynchus voucher SWFSC:123 cytochrome oxidase subunit I (COI) gene, partial cds; mitochondrial	Callorhinchus callorynchus	2	34	688	1	655
LGM52_ANI-1.4	655	649	1199	99.695	653	0.0	0	0	91	91	Callorhinchus callorynchus voucher SWFSC:121 cytochrome oxidase subunit I (COI) gene, partial cds; mitochondrial	Callorhinchus callorynchus	2	34	688	1	655
LGM71_ANI-2.2	778	537	992	89.846	699	0.0	6	7	99	99	Neorhizobium sp. NCHU2750 chromosome, complete genome	Neorhizobium sp. NCHU2750	72	3	775	550113	549338
LGM71_ANI-2.2	778	507	937	88.560	689	0.0	6	7	99	99	Neorhizobium galegae, complete genome	Neorhizobium galegae bv. orientalis str. HAMBI 540	82	3	775	590519	589744
LGM71_ANI-2.2	778	504	931	88.432	688	0.0	6	7	99	99	Neorhizobium galegae, complete genome	Neorhizobium galegae bv. officinalis bv. officinalis str. HAMBI 1141	83	3	775	602972	602197
LGM71_ANI-2.2	769	498	920	88.427	680	0.0	7	7	98	98	Rhizobium sp. BG4 chromosome, complete genome	Rhizobium sp. BG4	82	3	766	976775	977541
LGM71_ANI-2.2	778	495	915	88.046	685	0.0	6	7	99	99	Rhizobium leguminosarum bv. trifolii strain 23B chromosome, complete genome	Rhizobium leguminosarum bv. trifolii	86	3	775	2246148	2246923
LGM71_ANI-2.2	772	495	915	88.212	681	0.0	6	7	98	98	Neorhizobium galegae strain 7g chromosome, complete genome	Neorhizobium galegae	84	3	769	1066408	1067177
LGM71_ANI-2.2	781	495	915	88.092	688	0.0	12	13	99	99	Rhizobium lentis strain BLR27 chromosome, complete genome	Rhizobium lentis	80	3	775	2810329	2809554
LGM71_ANI-2.2	779	495	915	88.062	686	0.0	8	9	99	99	Rhizobium leguminosarum bv. trifolii strain RCAM1365 chromosome, complete genome	Rhizobium leguminosarum bv. trifolii	84	3	775	3332850	3333625
LGM71_ANI-2.2	778	492	909	87.918	684	0.0	6	7	99	99	Rhizobium leguminosarum bv. trifolii strain 31B chromosome, complete genome	Rhizobium leguminosarum bv. trifolii	87	3	775	2463980	2464755
LGM71_ANI-2.2	778	492	909	87.918	684	0.0	6	7	99	99	Rhizobium phaseoli strain N831 chromosome, complete genome	Rhizobium phaseoli	87	3	775	1008669	1007894
LGM34_ANI-3.43	707	695	1284	99.434	703	0.0	0	0	99	99	Euthynnus alletteratus voucher USNM 421831 mitochondrion, complete genome	Euthynnus alletteratus	4	4	710	5501	6207
LGM34_ANI-3.43	707	695	1284	99.434	703	0.0	0	0	99	99	Euthynnus alletteratus mitochondrial DNA, complete genome	Euthynnus alletteratus	4	4	710	6358	7064
LGM34_ANI-3.43	707	686	1267	99.010	700	0.0	0	0	99	99	Euthynnus alletteratus mitochondrial DNA, complete genome	Euthynnus alletteratus	7	4	710	5503	6209
LGM34_ANI-3.43	655	655	1210	100.000	655	0.0	0	0	92	92	Euthynnus alletteratus voucher MXIII419 cytochrome oxidase subunit 1 (COI) gene, partial cds; mitochondrial	Euthynnus alletteratus	0	29	683	1	655
LGM34_ANI-3.43	655	655	1210	100.000	655	0.0	0	0	92	92	Euthynnus alletteratus voucher USNM:BIOR_Fish 100405A cytochrome oxidase subunit I (COI) gene, partial cds; mitochondrial	Euthynnus alletteratus	0	32	686	1	655
LGM34_ANI-3.43	652	652	1205	100.000	652	0.0	0	0	91	91	Euthynnus alletteratus voucher DPND 2216 cytochrome oxidase subunit 1 (COI) gene, partial cds; mitochondrial	Euthynnus alletteratus	0	32	683	1	652
LGM34_ANI-3.43	655	652	1205	99.847	654	0.0	0	0	92	92	Euthynnus alletteratus voucher FDA 86 cytochrome oxidase subunit 1 (COI) gene, partial cds; mitochondrial	Euthynnus alletteratus	1	32	686	1	655
LGM34_ANI-3.43	655	652	1205	99.847	654	0.0	0	0	92	92	Euthynnus alletteratus voucher BZLW8263 cytochrome oxidase subunit 1 (COI) gene, partial cds; mitochondrial	Euthynnus alletteratus	1	32	686	1	655
LGM34_ANI-3.43	652	652	1205	100.000	652	0.0	0	0	91	91	Euthynnus alletteratus voucher MX915 cytochrome oxidase subunit 1 (COI) gene, partial cds; mitochondrial	Euthynnus alletteratus	0	32	683	1	652
LGM34_ANI-3.43	655	652	1205	99.847	654	0.0	0	0	92	92	Euthynnus alletteratus voucher MXIII420 cytochrome oxidase subunit 1 (COI) gene, partial cds; mitochondrial	Euthynnus alletteratus	1	29	683	1	655
LGM38_ANI-3.47	706	675	1247	98.584	696	0.0	2	2	99	99	Euthynnus alletteratus voucher USNM 421831 mitochondrion, complete genome	Euthynnus alletteratus	8	5	708	5502	6207
LGM38_ANI-3.47	706	675	1247	98.584	696	0.0	2	2	99	99	Euthynnus alletteratus mitochondrial DNA, complete genome	Euthynnus alletteratus	8	5	708	6359	7064
LGM38_ANI-3.47	706	669	1236	98.300	694	0.0	2	2	99	99	Euthynnus alletteratus mitochondrial DNA, complete genome	Euthynnus alletteratus	10	5	708	5504	6209
LGM38_ANI-3.47	652	639	1181	99.387	648	0.0	2	2	91	91	Euthynnus alletteratus voucher MFLV2829 cytochrome oxidase subunit 1 (COI) gene, partial cds; mitochondrial	Euthynnus alletteratus	2	32	681	1	652
LGM38_ANI-3.47	655	639	1181	99.237	650	0.0	2	2	92	92	Euthynnus alletteratus voucher MXIII422 cytochrome oxidase subunit 1 (COI) gene, partial cds; mitochondrial	Euthynnus alletteratus	3	29	681	1	655
LGM38_ANI-3.47	652	636	1175	99.233	647	0.0	2	2	91	91	Euthynnus alletteratus voucher DPND 2218 cytochrome oxidase subunit 1 (COI) gene, partial cds; mitochondrial	Euthynnus alletteratus	3	32	681	1	652
LGM38_ANI-3.47	652	636	1175	99.233	647	0.0	2	2	91	91	Euthynnus alletteratus voucher DPND 2215 cytochrome oxidase subunit 1 (COI) gene, partial cds; mitochondrial	Euthynnus alletteratus	3	32	681	1	652
LGM38_ANI-3.47	652	636	1175	99.233	647	0.0	2	2	91	91	Euthynnus alletteratus voucher DPND 2217 cytochrome oxidase subunit 1 (COI) gene, partial cds; mitochondrial	Euthynnus alletteratus	3	32	681	1	652
LGM38_ANI-3.47	652	636	1175	99.233	647	0.0	2	2	91	91	Euthynnus alletteratus voucher MFLV2831 cytochrome oxidase subunit 1 (COI) gene, partial cds; mitochondrial	Euthynnus alletteratus	3	32	681	1	652
LGM38_ANI-3.47	655	636	1175	99.084	649	0.0	2	2	92	92	Euthynnus alletteratus voucher MXIII419 cytochrome oxidase subunit 1 (COI) gene, partial cds; mitochondrial	Euthynnus alletteratus	4	29	681	1	655
LGM35_ANI-3.44	717	627	1158	96.095	689	0.0	8	12	89	89	Euthynnus alletteratus voucher USNM 421831 mitochondrion, complete genome	Euthynnus alletteratus	16	5	720	6207	5502
LGM35_ANI-3.44	717	627	1158	96.095	689	0.0	8	12	89	89	Euthynnus alletteratus mitochondrial DNA, complete genome	Euthynnus alletteratus	16	5	720	7064	6359
LGM35_ANI-3.44	717	618	1142	95.676	686	0.0	8	12	89	89	Euthynnus alletteratus mitochondrial DNA, complete genome	Euthynnus alletteratus	19	5	720	6209	5504
LGM35_ANI-3.44	663	588	1086	96.531	640	0.0	8	12	82	82	Euthynnus alletteratus voucher DPND 2219 cytochrome oxidase subunit 1 (COI) gene, partial cds; mitochondrial	Euthynnus alletteratus	11	32	693	652	1
LGM35_ANI-3.44	663	588	1086	96.531	640	0.0	8	12	82	82	Euthynnus alletteratus voucher MFLV2826 cytochrome oxidase subunit 1 (COI) gene, partial cds; mitochondrial	Euthynnus alletteratus	11	32	693	652	1
LGM35_ANI-3.44	666	588	1086	96.396	642	0.0	8	12	83	83	Euthynnus alletteratus voucher MXIII419 cytochrome oxidase subunit 1 (COI) gene, partial cds; mitochondrial	Euthynnus alletteratus	12	32	696	655	1
LGM35_ANI-3.44	666	588	1086	96.396	642	0.0	8	12	83	83	Euthynnus alletteratus voucher USNM:BIOR_Fish 100405A cytochrome oxidase subunit I (COI) gene, partial cds; mitochondrial	Euthynnus alletteratus	12	29	693	655	1
LGM35_ANI-3.44	663	585	1081	96.380	639	0.0	8	12	82	82	Euthynnus alletteratus voucher DPND 2216 cytochrome oxidase subunit 1 (COI) gene, partial cds; mitochondrial	Euthynnus alletteratus	12	32	693	652	1
LGM35_ANI-3.44	666	585	1081	96.246	641	0.0	8	12	83	83	Euthynnus alletteratus voucher FDA 86 cytochrome oxidase subunit 1 (COI) gene, partial cds; mitochondrial	Euthynnus alletteratus	13	29	693	655	1
LGM35_ANI-3.44	666	585	1081	96.246	641	0.0	8	12	83	83	Euthynnus alletteratus voucher BZLW8263 cytochrome oxidase subunit 1 (COI) gene, partial cds; mitochondrial	Euthynnus alletteratus	13	29	693	655	1
LGM103_ANI-3.16	706	694	1282	99.433	702	0.0	0	0	99	99	Euthynnus alletteratus voucher USNM 421831 mitochondrion, complete genome	Euthynnus alletteratus	4	5	710	5502	6207
LGM103_ANI-3.16	706	694	1282	99.433	702	0.0	0	0	99	99	Euthynnus alletteratus mitochondrial DNA, complete genome	Euthynnus alletteratus	4	5	710	6359	7064
LGM103_ANI-3.16	706	685	1266	99.008	699	0.0	0	0	99	99	Euthynnus alletteratus mitochondrial DNA, complete genome	Euthynnus alletteratus	7	5	710	5504	6209
LGM103_ANI-3.16	655	655	1210	100.000	655	0.0	0	0	92	92	Euthynnus alletteratus voucher MXIII419 cytochrome oxidase subunit 1 (COI) gene, partial cds; mitochondrial	Euthynnus alletteratus	0	29	683	1	655
LGM103_ANI-3.16	655	655	1210	100.000	655	0.0	0	0	92	92	Euthynnus alletteratus voucher USNM:BIOR_Fish 100405A cytochrome oxidase subunit I (COI) gene, partial cds; mitochondrial	Euthynnus alletteratus	0	32	686	1	655
LGM103_ANI-3.16	652	652	1205	100.000	652	0.0	0	0	91	91	Euthynnus alletteratus voucher DPND 2216 cytochrome oxidase subunit 1 (COI) gene, partial cds; mitochondrial	Euthynnus alletteratus	0	32	683	1	652
LGM103_ANI-3.16	655	652	1205	99.847	654	0.0	0	0	92	92	Euthynnus alletteratus voucher FDA 86 cytochrome oxidase subunit 1 (COI) gene, partial cds; mitochondrial	Euthynnus alletteratus	1	32	686	1	655
LGM103_ANI-3.16	655	652	1205	99.847	654	0.0	0	0	92	92	Euthynnus alletteratus voucher BZLW8263 cytochrome oxidase subunit 1 (COI) gene, partial cds; mitochondrial	Euthynnus alletteratus	1	32	686	1	655
LGM103_ANI-3.16	652	652	1205	100.000	652	0.0	0	0	91	91	Euthynnus alletteratus voucher MX915 cytochrome oxidase subunit 1 (COI) gene, partial cds; mitochondrial	Euthynnus alletteratus	0	32	683	1	652
LGM103_ANI-3.16	655	652	1205	99.847	654	0.0	0	0	92	92	Euthynnus alletteratus voucher MXIII420 cytochrome oxidase subunit 1 (COI) gene, partial cds; mitochondrial	Euthynnus alletteratus	1	29	683	1	655
LGM112_ANI-1.15	660	654	1208	99.697	658	0.0	0	0	92	92	Olindias sambaquiensis isolate LEM:S01 cytochrome oxidase subunit I (COI) gene, partial cds; mitochondrial	Olindias sambaquiensis	2	26	685	1	660
LGM112_ANI-1.15	637	430	795	89.168	568	0.0	0	0	89	89	Olindias muelleri voucher TR4AS cytochrome oxidase subunit I (COI) gene, partial cds; mitochondrial	Olindias muelleri	69	62	698	1	637
LGM112_ANI-1.15	637	430	795	89.168	568	0.0	0	0	89	89	Olindias muelleri voucher TR3AS cytochrome oxidase subunit I (COI) gene, partial cds; mitochondrial	Olindias muelleri	69	62	698	1	637
LGM112_ANI-1.15	637	430	795	89.168	568	0.0	0	0	89	89	Olindias muelleri voucher TR2AS cytochrome oxidase subunit I (COI) gene, partial cds; mitochondrial	Olindias muelleri	69	62	698	1	637
LGM112_ANI-1.15	637	427	789	89.011	567	0.0	0	0	89	89	Olindias muelleri voucher TR1AS cytochrome oxidase subunit I (COI) gene, partial cds; mitochondrial	Olindias muelleri	70	62	698	1	637
LGM112_ANI-1.15	572	389	719	89.336	511	0.0	0	0	80	80	Olindias phosphorica voucher MHNG:INVE 29811 cytochrome oxidase subunit I (COI) gene, partial cds; mitochondrial	Olindias muelleri	61	62	633	1	572
LGM112_ANI-1.15	653	345	638	84.380	551	4.17e-178	2	4	91	91	Gonionemus vertens voucher BFHL-1916 cytochrome oxidase subunit 1 (COI) gene, partial cds; mitochondrial	Gonionemus vertens	98	38	688	8	658
LGM112_ANI-1.15	704	344	636	82.955	584	1.50e-177	0	0	98	98	Liriope tetraphylla mitochondrion, partial genome	Liriope tetraphylla	120	11	714	5648	4945
LGM112_ANI-1.15	628	342	632	84.873	533	1.94e-176	2	4	87	87	Gonionemus vertens cytochrome oxidase subunit I (COI) gene, partial cds; mitochondrial	Gonionemus vertens	91	38	663	8	633
LGM112_ANI-1.15	711	338	625	82.700	588	3.25e-174	6	8	98	98	Varitentacula yantaiensis voucher IOCAS:36031 cytochrome oxidase subunit I (COX1) gene, partial cds; mitochondrial	Varitentacula yantaiensis	115	6	712	1	707
LGM01_ANI-3.6	704	692	1279	99.432	700	0.0	0	0	99	99	Euthynnus alletteratus voucher USNM 421831 mitochondrion, complete genome	Euthynnus alletteratus	4	6	709	5503	6206
LGM01_ANI-3.6	704	692	1279	99.432	700	0.0	0	0	99	99	Euthynnus alletteratus mitochondrial DNA, complete genome	Euthynnus alletteratus	4	6	709	6360	7063
LGM01_ANI-3.6	704	683	1262	99.006	697	0.0	0	0	99	99	Euthynnus alletteratus mitochondrial DNA, complete genome	Euthynnus alletteratus	7	6	709	5505	6208
LGM01_ANI-3.6	655	655	1210	100.000	655	0.0	0	0	92	92	Euthynnus alletteratus voucher MXIII419 cytochrome oxidase subunit 1 (COI) gene, partial cds; mitochondrial	Euthynnus alletteratus	0	29	683	1	655
LGM01_ANI-3.6	655	655	1210	100.000	655	0.0	0	0	92	92	Euthynnus alletteratus voucher USNM:BIOR_Fish 100405A cytochrome oxidase subunit I (COI) gene, partial cds; mitochondrial	Euthynnus alletteratus	0	32	686	1	655
LGM01_ANI-3.6	652	652	1205	100.000	652	0.0	0	0	91	91	Euthynnus alletteratus voucher DPND 2216 cytochrome oxidase subunit 1 (COI) gene, partial cds; mitochondrial	Euthynnus alletteratus	0	32	683	1	652
LGM01_ANI-3.6	655	652	1205	99.847	654	0.0	0	0	92	92	Euthynnus alletteratus voucher FDA 86 cytochrome oxidase subunit 1 (COI) gene, partial cds; mitochondrial	Euthynnus alletteratus	1	32	686	1	655
LGM01_ANI-3.6	655	652	1205	99.847	654	0.0	0	0	92	92	Euthynnus alletteratus voucher BZLW8263 cytochrome oxidase subunit 1 (COI) gene, partial cds; mitochondrial	Euthynnus alletteratus	1	32	686	1	655
LGM01_ANI-3.6	652	652	1205	100.000	652	0.0	0	0	91	91	Euthynnus alletteratus voucher MX915 cytochrome oxidase subunit 1 (COI) gene, partial cds; mitochondrial	Euthynnus alletteratus	0	32	683	1	652
LGM01_ANI-3.6	655	652	1205	99.847	654	0.0	0	0	92	92	Euthynnus alletteratus voucher MXIII420 cytochrome oxidase subunit 1 (COI) gene, partial cds; mitochondrial	Euthynnus alletteratus	1	29	683	1	655
LGM99_ANI-3.12	706	665	1229	98.159	693	0.0	4	4	90	90	Callorhinchus callorynchus mitochondrion, complete genome	Callorhinchus callorynchus	9	6	709	6150	5447
LGM99_ANI-3.12	657	643	1188	99.391	653	0.0	4	4	84	84	Callorhinchus callorynchus voucher SWFSC:1 cytochrome oxidase subunit I (COI) gene, partial cds; mitochondrial	Callorhinchus callorynchus	0	29	683	655	1
LGM99_ANI-3.12	657	640	1182	99.239	652	0.0	4	4	84	84	Callorhinchus callorynchus voucher SWFSC:5 cytochrome oxidase subunit I (COI) gene, partial cds; mitochondrial	Callorhinchus callorynchus	1	29	683	655	1
LGM99_ANI-3.12	657	640	1182	99.239	652	0.0	4	4	84	84	Callorhinchus callorynchus voucher SWFSC:42 cytochrome oxidase subunit I (COI) gene, partial cds; mitochondrial	Callorhinchus callorynchus	1	29	683	655	1
LGM99_ANI-3.12	657	640	1182	99.239	652	0.0	4	4	84	84	Callorhinchus callorynchus voucher SWFSC:32 cytochrome oxidase subunit I (COI) gene, partial cds; mitochondrial	Callorhinchus callorynchus	1	29	683	655	1
LGM99_ANI-3.12	657	640	1182	99.239	652	0.0	4	4	84	84	Callorhinchus callorynchus voucher SWFSC:17 cytochrome oxidase subunit I (COI) gene, partial cds; mitochondrial	Callorhinchus callorynchus	1	29	683	655	1
LGM99_ANI-3.12	657	640	1182	99.239	652	0.0	4	4	84	84	Callorhinchus callorynchus voucher SWFSC:123 cytochrome oxidase subunit I (COI) gene, partial cds; mitochondrial	Callorhinchus callorynchus	1	29	683	655	1
LGM99_ANI-3.12	657	640	1182	99.239	652	0.0	4	4	84	84	Callorhinchus callorynchus voucher SWFSC:121 cytochrome oxidase subunit I (COI) gene, partial cds; mitochondrial	Callorhinchus callorynchus	1	29	683	655	1
LGM99_ANI-3.12	657	640	1182	99.239	652	0.0	4	4	84	84	Callorhinchus callorynchus voucher SWFSC:11 cytochrome oxidase subunit I (COI) gene, partial cds; mitochondrial	Callorhinchus callorynchus	1	29	683	655	1
LGM99_ANI-3.12	654	640	1182	99.388	650	0.0	4	4	83	83	Callorhinchus callorynchus isolate FARG004-06 cytochrome oxidase subunit I (COI) gene, partial cds; mitochondrial	Callorhinchus callorynchus	0	32	683	652	1
P017_ANI-1.1	678	670	1238	99.558	675	0.0	0	0	94	94	Sterna trudeaui voucher MACN-Or-ct 302 cytochrome oxidase subunit 1 (COI) gene, partial cds; mitochondrial	Sterna trudeaui	3	34	711	1	678
P017_ANI-1.1	678	670	1238	99.558	675	0.0	0	0	94	94	Sterna trudeaui voucher MACN-Or-ct 301 cytochrome oxidase subunit 1 (COI) gene, partial cds; mitochondrial	Sterna trudeaui	3	34	711	1	678
P017_ANI-1.1	652	646	1194	99.693	650	0.0	0	0	91	91	Sterna trudeaui voucher USNM:Birds:635818 cytochrome oxidase subunit 1 (COI) gene, partial cds; mitochondrial	Sterna trudeaui	2	34	685	1	652
P017_ANI-1.1	680	602	1112	96.029	653	0.0	0	0	95	95	Sterna forsteri voucher CWS36881 cytochrome oxidase subunit 1 (COI) gene, partial cds; mitochondrial	Sterna forsteri	27	32	711	1	680
P017_ANI-1.1	647	583	1077	96.754	626	0.0	1	1	90	90	Sterna forsteri voucher USNM 626468 cytochrome oxidase subunit 1 (COI) gene, partial cds; mitochondrial	Sterna forsteri	20	34	680	1	646
P017_ANI-1.1	704	551	1018	92.756	653	0.0	0	0	98	98	Sterna hirundo mitochondrion, complete genome	Sterna hirundo	51	8	711	5409	6112
P017_ANI-1.1	704	551	1018	92.756	653	0.0	0	0	98	98	Sterna hirundo mitochondrion, complete genome	Sterna hirundo	51	8	711	5409	6112
P017_ANI-1.1	704	542	1002	92.330	650	0.0	0	0	98	98	Sterna paradisaea mitochondrion, complete genome	Sterna paradisaea	54	8	711	5409	6112
P017_ANI-1.1	695	539	996	92.518	643	0.0	0	0	97	97	Sterna paradisaea voucher NHMO-BC172 cytochrome oxidase subunit 1 (COI) gene, partial cds; mitochondrial	Sterna paradisaea	52	17	711	2	696
P017_ANI-1.1	708	537	992	91.949	651	0.0	0	0	98	98	Gelochelidon nilotica mitochondrion, complete genome	Gelochelidon nilotica	57	8	715	5405	6112
LGM15_ANI-3.14	728	614	1134	95.330	694	0.0	14	24	89	89	Euthynnus alletteratus voucher USNM 421831 mitochondrion, complete genome	Euthynnus alletteratus	10	3	725	6209	5501
LGM15_ANI-3.14	728	614	1134	95.330	694	0.0	14	24	89	89	Euthynnus alletteratus mitochondrial DNA, complete genome	Euthynnus alletteratus	10	3	725	7066	6358
LGM15_ANI-3.14	671	586	1083	96.274	646	0.0	10	20	83	83	Euthynnus alletteratus voucher CSFOM-043 cytochrome oxidase subunit 1 (COI) gene, partial cds; mitochondrial	Euthynnus alletteratus	5	15	683	655	3
LGM15_ANI-3.14	671	585	1081	96.274	646	0.0	12	22	83	83	Euthynnus alletteratus voucher MFLV2868 cytochrome oxidase subunit 1 (COI) gene, partial cds; mitochondrial	Euthynnus alletteratus	3	32	699	652	1
LGM15_ANI-3.14	674	585	1081	96.142	648	0.0	12	22	83	83	Euthynnus alletteratus voucher USNM:BIOR_Fish 100405A cytochrome oxidase subunit I (COI) gene, partial cds; mitochondrial	Euthynnus alletteratus	4	29	699	655	1
LGM15_ANI-3.14	671	582	1075	96.125	645	0.0	12	22	83	83	Euthynnus alletteratus voucher DPND 2216 cytochrome oxidase subunit 1 (COI) gene, partial cds; mitochondrial	Euthynnus alletteratus	4	32	699	652	1
LGM15_ANI-3.14	674	582	1075	95.994	647	0.0	12	22	83	83	Euthynnus alletteratus voucher FDA 86 cytochrome oxidase subunit 1 (COI) gene, partial cds; mitochondrial	Euthynnus alletteratus	5	29	699	655	1
LGM15_ANI-3.14	673	582	1075	95.988	646	0.0	10	20	83	83	Euthynnus alletteratus voucher BZLW8263 cytochrome oxidase subunit 1 (COI) gene, partial cds; mitochondrial	Euthynnus alletteratus	7	29	699	655	1
LGM15_ANI-3.14	671	582	1075	96.125	645	0.0	12	22	83	83	Euthynnus alletteratus voucher MX915 cytochrome oxidase subunit 1 (COI) gene, partial cds; mitochondrial	Euthynnus alletteratus	4	32	699	652	1
LGM15_ANI-3.14	671	582	1075	96.125	645	0.0	12	22	83	83	Euthynnus alletteratus voucher MXIII419 cytochrome oxidase subunit 1 (COI) gene, partial cds; mitochondrial	Euthynnus alletteratus	4	32	699	655	4
LGM04_ANI-3.9	708	689	1273	99.153	702	0.0	1	1	99	99	Euthynnus alletteratus voucher USNM 421831 mitochondrion, complete genome	Euthynnus alletteratus	5	5	711	5502	6209
LGM04_ANI-3.9	708	689	1273	99.153	702	0.0	1	1	99	99	Euthynnus alletteratus mitochondrial DNA, complete genome	Euthynnus alletteratus	5	5	711	6359	7066
LGM04_ANI-3.9	708	680	1256	98.729	699	0.0	1	1	99	99	Euthynnus alletteratus mitochondrial DNA, complete genome	Euthynnus alletteratus	8	5	711	5504	6211
LGM04_ANI-3.9	655	648	1197	99.695	653	0.0	1	1	92	92	Euthynnus alletteratus voucher MXIII419 cytochrome oxidase subunit 1 (COI) gene, partial cds; mitochondrial	Euthynnus alletteratus	1	29	682	1	655
LGM04_ANI-3.9	655	648	1197	99.695	653	0.0	1	1	92	92	Euthynnus alletteratus voucher USNM:BIOR_Fish 100405A cytochrome oxidase subunit I (COI) gene, partial cds; mitochondrial	Euthynnus alletteratus	1	32	685	1	655
LGM04_ANI-3.9	652	645	1192	99.693	650	0.0	1	1	91	91	Euthynnus alletteratus voucher DPND 2216 cytochrome oxidase subunit 1 (COI) gene, partial cds; mitochondrial	Euthynnus alletteratus	1	32	682	1	652
LGM04_ANI-3.9	655	645	1192	99.542	652	0.0	1	1	92	92	Euthynnus alletteratus voucher FDA 86 cytochrome oxidase subunit 1 (COI) gene, partial cds; mitochondrial	Euthynnus alletteratus	2	32	685	1	655
LGM04_ANI-3.9	655	645	1192	99.542	652	0.0	1	1	92	92	Euthynnus alletteratus voucher BZLW8263 cytochrome oxidase subunit 1 (COI) gene, partial cds; mitochondrial	Euthynnus alletteratus	2	32	685	1	655
LGM04_ANI-3.9	652	645	1192	99.693	650	0.0	1	1	91	91	Euthynnus alletteratus voucher MX915 cytochrome oxidase subunit 1 (COI) gene, partial cds; mitochondrial	Euthynnus alletteratus	1	32	682	1	652
LGM04_ANI-3.9	655	645	1192	99.542	652	0.0	1	1	92	92	Euthynnus alletteratus voucher MXIII420 cytochrome oxidase subunit 1 (COI) gene, partial cds; mitochondrial	Euthynnus alletteratus	2	29	682	1	655
LGM31_ANI-3.40	705	689	1273	99.291	700	0.0	1	1	99	99	Euthynnus alletteratus voucher USNM 421831 mitochondrion, complete genome	Euthynnus alletteratus	4	5	708	5502	6206
LGM31_ANI-3.40	705	689	1273	99.291	700	0.0	1	1	99	99	Euthynnus alletteratus mitochondrial DNA, complete genome	Euthynnus alletteratus	4	5	708	6359	7063
LGM31_ANI-3.40	705	683	1262	99.007	698	0.0	1	1	99	99	Euthynnus alletteratus mitochondrial DNA, complete genome	Euthynnus alletteratus	6	5	708	5504	6208
LGM31_ANI-3.40	655	651	1203	99.847	654	0.0	1	1	92	92	Euthynnus alletteratus voucher MXIII419 cytochrome oxidase subunit 1 (COI) gene, partial cds; mitochondrial	Euthynnus alletteratus	0	29	682	1	655
LGM31_ANI-3.40	655	651	1203	99.847	654	0.0	1	1	92	92	Euthynnus alletteratus voucher USNM:BIOR_Fish 100405A cytochrome oxidase subunit I (COI) gene, partial cds; mitochondrial	Euthynnus alletteratus	0	32	685	1	655
LGM31_ANI-3.40	652	648	1197	99.847	651	0.0	1	1	91	91	Euthynnus alletteratus voucher DPND 2216 cytochrome oxidase subunit 1 (COI) gene, partial cds; mitochondrial	Euthynnus alletteratus	0	32	682	1	652
LGM31_ANI-3.40	655	648	1197	99.695	653	0.0	1	1	92	92	Euthynnus alletteratus voucher FDA 86 cytochrome oxidase subunit 1 (COI) gene, partial cds; mitochondrial	Euthynnus alletteratus	1	32	685	1	655
LGM31_ANI-3.40	655	648	1197	99.695	653	0.0	1	1	92	92	Euthynnus alletteratus voucher BZLW8263 cytochrome oxidase subunit 1 (COI) gene, partial cds; mitochondrial	Euthynnus alletteratus	1	32	685	1	655
LGM31_ANI-3.40	652	648	1197	99.847	651	0.0	1	1	91	91	Euthynnus alletteratus voucher MX915 cytochrome oxidase subunit 1 (COI) gene, partial cds; mitochondrial	Euthynnus alletteratus	0	32	682	1	652
LGM31_ANI-3.40	655	648	1197	99.695	653	0.0	1	1	92	92	Euthynnus alletteratus voucher MXIII420 cytochrome oxidase subunit 1 (COI) gene, partial cds; mitochondrial	Euthynnus alletteratus	1	29	682	1	655
LGM36_ANI-3.45	708	670	1238	98.305	696	0.0	4	4	91	91	Euthynnus alletteratus voucher USNM 421831 mitochondrion, complete genome	Euthynnus alletteratus	8	5	709	6207	5501
LGM36_ANI-3.45	708	670	1238	98.305	696	0.0	4	4	91	91	Euthynnus alletteratus mitochondrial DNA, complete genome	Euthynnus alletteratus	8	5	709	7064	6358
LGM36_ANI-3.45	708	661	1221	97.881	693	0.0	4	4	91	91	Euthynnus alletteratus mitochondrial DNA, complete genome	Euthynnus alletteratus	11	5	709	6209	5503
LGM36_ANI-3.45	656	633	1170	98.933	649	0.0	4	4	84	84	Euthynnus alletteratus voucher MXIII419 cytochrome oxidase subunit 1 (COI) gene, partial cds; mitochondrial	Euthynnus alletteratus	3	32	684	655	1
LGM36_ANI-3.45	656	633	1170	98.933	649	0.0	4	4	84	84	Euthynnus alletteratus voucher USNM:BIOR_Fish 100405A cytochrome oxidase subunit I (COI) gene, partial cds; mitochondrial	Euthynnus alletteratus	3	29	681	655	1
LGM36_ANI-3.45	653	630	1164	98.928	646	0.0	4	4	84	84	Euthynnus alletteratus voucher DPND 2216 cytochrome oxidase subunit 1 (COI) gene, partial cds; mitochondrial	Euthynnus alletteratus	3	32	681	652	1
LGM36_ANI-3.45	653	630	1164	98.928	646	0.0	4	4	84	84	Euthynnus alletteratus voucher DPND 2219 cytochrome oxidase subunit 1 (COI) gene, partial cds; mitochondrial	Euthynnus alletteratus	3	32	681	652	1
LGM36_ANI-3.45	656	630	1164	98.780	648	0.0	4	4	84	84	Euthynnus alletteratus voucher FDA 86 cytochrome oxidase subunit 1 (COI) gene, partial cds; mitochondrial	Euthynnus alletteratus	4	29	681	655	1
LGM36_ANI-3.45	656	630	1164	98.780	648	0.0	4	4	84	84	Euthynnus alletteratus voucher BZLW8263 cytochrome oxidase subunit 1 (COI) gene, partial cds; mitochondrial	Euthynnus alletteratus	4	29	681	655	1
LGM36_ANI-3.45	653	630	1164	98.928	646	0.0	4	4	84	84	Euthynnus alletteratus voucher MX915 cytochrome oxidase subunit 1 (COI) gene, partial cds; mitochondrial	Euthynnus alletteratus	3	32	681	652	1
LGM013_ANI-3.24	711	692	1279	99.156	705	0.0	1	1	99	99	Euthynnus alletteratus voucher USNM 421831 mitochondrion, complete genome	Euthynnus alletteratus	5	4	713	5501	6211
LGM013_ANI-3.24	711	692	1279	99.156	705	0.0	1	1	99	99	Euthynnus alletteratus mitochondrial DNA, complete genome	Euthynnus alletteratus	5	4	713	6358	7068
LGM013_ANI-3.24	711	683	1262	98.734	702	0.0	1	1	99	99	Euthynnus alletteratus mitochondrial DNA, complete genome	Euthynnus alletteratus	8	4	713	5503	6213
LGM013_ANI-3.24	655	651	1203	99.847	654	0.0	1	1	92	92	Euthynnus alletteratus voucher MXIII419 cytochrome oxidase subunit 1 (COI) gene, partial cds; mitochondrial	Euthynnus alletteratus	0	29	682	1	655
LGM013_ANI-3.24	655	651	1203	99.847	654	0.0	1	1	92	92	Euthynnus alletteratus voucher USNM:BIOR_Fish 100405A cytochrome oxidase subunit I (COI) gene, partial cds; mitochondrial	Euthynnus alletteratus	0	32	685	1	655
LGM013_ANI-3.24	652	648	1197	99.847	651	0.0	1	1	91	91	Euthynnus alletteratus voucher DPND 2216 cytochrome oxidase subunit 1 (COI) gene, partial cds; mitochondrial	Euthynnus alletteratus	0	32	682	1	652
LGM013_ANI-3.24	655	648	1197	99.695	653	0.0	1	1	92	92	Euthynnus alletteratus voucher FDA 86 cytochrome oxidase subunit 1 (COI) gene, partial cds; mitochondrial	Euthynnus alletteratus	1	32	685	1	655
LGM013_ANI-3.24	655	648	1197	99.695	653	0.0	1	1	92	92	Euthynnus alletteratus voucher BZLW8263 cytochrome oxidase subunit 1 (COI) gene, partial cds; mitochondrial	Euthynnus alletteratus	1	32	685	1	655
LGM013_ANI-3.24	652	648	1197	99.847	651	0.0	1	1	91	91	Euthynnus alletteratus voucher MX915 cytochrome oxidase subunit 1 (COI) gene, partial cds; mitochondrial	Euthynnus alletteratus	0	32	682	1	652
LGM013_ANI-3.24	655	648	1197	99.695	653	0.0	1	1	92	92	Euthynnus alletteratus voucher MXIII420 cytochrome oxidase subunit 1 (COI) gene, partial cds; mitochondrial	Euthynnus alletteratus	1	29	682	1	655
LGM007_ANI-3.18	706	694	1282	99.433	702	0.0	0	0	99	99	Euthynnus alletteratus voucher USNM 421831 mitochondrion, complete genome	Euthynnus alletteratus	4	5	710	5502	6207
LGM007_ANI-3.18	706	694	1282	99.433	702	0.0	0	0	99	99	Euthynnus alletteratus mitochondrial DNA, complete genome	Euthynnus alletteratus	4	5	710	6359	7064
LGM007_ANI-3.18	706	685	1266	99.008	699	0.0	0	0	99	99	Euthynnus alletteratus mitochondrial DNA, complete genome	Euthynnus alletteratus	7	5	710	5504	6209
LGM007_ANI-3.18	655	655	1210	100.000	655	0.0	0	0	92	92	Euthynnus alletteratus voucher MXIII419 cytochrome oxidase subunit 1 (COI) gene, partial cds; mitochondrial	Euthynnus alletteratus	0	29	683	1	655
LGM007_ANI-3.18	655	655	1210	100.000	655	0.0	0	0	92	92	Euthynnus alletteratus voucher USNM:BIOR_Fish 100405A cytochrome oxidase subunit I (COI) gene, partial cds; mitochondrial	Euthynnus alletteratus	0	32	686	1	655
LGM007_ANI-3.18	652	652	1205	100.000	652	0.0	0	0	91	91	Euthynnus alletteratus voucher DPND 2216 cytochrome oxidase subunit 1 (COI) gene, partial cds; mitochondrial	Euthynnus alletteratus	0	32	683	1	652
LGM007_ANI-3.18	655	652	1205	99.847	654	0.0	0	0	92	92	Euthynnus alletteratus voucher FDA 86 cytochrome oxidase subunit 1 (COI) gene, partial cds; mitochondrial	Euthynnus alletteratus	1	32	686	1	655
LGM007_ANI-3.18	655	652	1205	99.847	654	0.0	0	0	92	92	Euthynnus alletteratus voucher BZLW8263 cytochrome oxidase subunit 1 (COI) gene, partial cds; mitochondrial	Euthynnus alletteratus	1	32	686	1	655
LGM007_ANI-3.18	652	652	1205	100.000	652	0.0	0	0	91	91	Euthynnus alletteratus voucher MX915 cytochrome oxidase subunit 1 (COI) gene, partial cds; mitochondrial	Euthynnus alletteratus	0	32	683	1	652
LGM007_ANI-3.18	655	652	1205	99.847	654	0.0	0	0	92	92	Euthynnus alletteratus voucher MXIII420 cytochrome oxidase subunit 1 (COI) gene, partial cds; mitochondrial	Euthynnus alletteratus	1	29	683	1	655
LGM51_ANI-3.4	704	686	1267	99.148	698	0.0	0	0	99	99	Callorhinchus callorynchus mitochondrion, complete genome	Callorhinchus callorynchus	6	6	709	5447	6150
LGM51_ANI-3.4	655	655	1210	100.000	655	0.0	0	0	92	92	Callorhinchus callorynchus voucher SWFSC:1 cytochrome oxidase subunit I (COI) gene, partial cds; mitochondrial	Callorhinchus callorynchus	0	32	686	1	655
LGM51_ANI-3.4	704	653	1206	97.585	687	0.0	0	0	99	99	Callorhinchus capensis mitochondrion, complete genome	Callorhinchus capensis	17	6	709	5448	6151
LGM51_ANI-3.4	655	652	1205	99.847	654	0.0	0	0	92	92	Callorhinchus callorynchus voucher SWFSC:5 cytochrome oxidase subunit I (COI) gene, partial cds; mitochondrial	Callorhinchus callorynchus	1	32	686	1	655
LGM51_ANI-3.4	655	652	1205	99.847	654	0.0	0	0	92	92	Callorhinchus callorynchus voucher SWFSC:42 cytochrome oxidase subunit I (COI) gene, partial cds; mitochondrial	Callorhinchus callorynchus	1	32	686	1	655
LGM51_ANI-3.4	655	652	1205	99.847	654	0.0	0	0	92	92	Callorhinchus callorynchus voucher SWFSC:32 cytochrome oxidase subunit I (COI) gene, partial cds; mitochondrial	Callorhinchus callorynchus	1	32	686	1	655
LGM51_ANI-3.4	655	652	1205	99.847	654	0.0	0	0	92	92	Callorhinchus callorynchus voucher SWFSC:17 cytochrome oxidase subunit I (COI) gene, partial cds; mitochondrial	Callorhinchus callorynchus	1	32	686	1	655
LGM51_ANI-3.4	655	652	1205	99.847	654	0.0	0	0	92	92	Callorhinchus callorynchus voucher SWFSC:123 cytochrome oxidase subunit I (COI) gene, partial cds; mitochondrial	Callorhinchus callorynchus	1	32	686	1	655
LGM51_ANI-3.4	655	652	1205	99.847	654	0.0	0	0	92	92	Callorhinchus callorynchus voucher SWFSC:121 cytochrome oxidase subunit I (COI) gene, partial cds; mitochondrial	Callorhinchus callorynchus	1	32	686	1	655
LGM51_ANI-3.4	655	652	1205	99.847	654	0.0	0	0	92	92	Callorhinchus callorynchus voucher SWFSC:11 cytochrome oxidase subunit I (COI) gene, partial cds; mitochondrial	Callorhinchus callorynchus	1	32	686	1	655
LGM49_ANI-3.3	704	683	1262	99.006	697	0.0	0	0	99	99	Callorhinchus callorynchus mitochondrion, complete genome	Callorhinchus callorynchus	7	6	709	5447	6150
LGM49_ANI-3.3	655	655	1210	100.000	655	0.0	0	0	92	92	Callorhinchus callorynchus voucher SWFSC:121 cytochrome oxidase subunit I (COI) gene, partial cds; mitochondrial	Callorhinchus callorynchus	0	32	686	1	655
LGM49_ANI-3.3	655	652	1205	99.847	654	0.0	0	0	92	92	Callorhinchus callorynchus voucher SWFSC:1 cytochrome oxidase subunit I (COI) gene, partial cds; mitochondrial	Callorhinchus callorynchus	1	32	686	1	655
LGM49_ANI-3.3	704	650	1201	97.443	686	0.0	0	0	99	99	Callorhinchus capensis mitochondrion, complete genome	Callorhinchus capensis	18	6	709	5448	6151
LGM49_ANI-3.3	655	649	1199	99.695	653	0.0	0	0	92	92	Callorhinchus callorynchus voucher SWFSC:5 cytochrome oxidase subunit I (COI) gene, partial cds; mitochondrial	Callorhinchus callorynchus	2	32	686	1	655
LGM49_ANI-3.3	655	649	1199	99.695	653	0.0	0	0	92	92	Callorhinchus callorynchus voucher SWFSC:42 cytochrome oxidase subunit I (COI) gene, partial cds; mitochondrial	Callorhinchus callorynchus	2	32	686	1	655
LGM49_ANI-3.3	655	649	1199	99.695	653	0.0	0	0	92	92	Callorhinchus callorynchus voucher SWFSC:32 cytochrome oxidase subunit I (COI) gene, partial cds; mitochondrial	Callorhinchus callorynchus	2	32	686	1	655
LGM49_ANI-3.3	655	649	1199	99.695	653	0.0	0	0	92	92	Callorhinchus callorynchus voucher SWFSC:17 cytochrome oxidase subunit I (COI) gene, partial cds; mitochondrial	Callorhinchus callorynchus	2	32	686	1	655
LGM49_ANI-3.3	655	649	1199	99.695	653	0.0	0	0	92	92	Callorhinchus callorynchus voucher SWFSC:123 cytochrome oxidase subunit I (COI) gene, partial cds; mitochondrial	Callorhinchus callorynchus	2	32	686	1	655
LGM49_ANI-3.3	655	649	1199	99.695	653	0.0	0	0	92	92	Callorhinchus callorynchus voucher SWFSC:11 cytochrome oxidase subunit I (COI) gene, partial cds; mitochondrial	Callorhinchus callorynchus	2	32	686	1	655
LGM102_ANI-3.15	707	395	730	86.280	610	0.0	39	42	99	99	Lepidochelys olivacea isolate CGG-01Lol mitochondrion, complete genome	Lepidochelys olivacea	55	6	672	5419	6123
LGM102_ANI-3.15	707	395	730	86.280	610	0.0	39	42	99	99	Lepidochelys olivacea isolate 78920 mitochondrion, partial genome	Lepidochelys olivacea	55	6	672	5420	6124
LGM102_ANI-3.15	707	395	730	86.280	610	0.0	39	42	99	99	Lepidochelys olivacea isolate 55352 mitochondrion, partial genome	Lepidochelys olivacea	55	6	672	5417	6121
LGM102_ANI-3.15	707	395	730	86.280	610	0.0	39	42	99	99	Lepidochelys olivacea voucher LO-COI-AP1 cytochrome oxidase subunit I (COI) gene, partial cds; mitochondrial	Lepidochelys olivacea	55	6	672	1	705
LGM102_ANI-3.15	680	391	723	86.765	590	0.0	37	40	95	95	Sterna trudeaui voucher MACN-Or-ct 302 cytochrome oxidase subunit 1 (COI) gene, partial cds; mitochondrial	Sterna trudeaui	50	32	672	1	679
LGM102_ANI-3.15	680	391	723	86.765	590	0.0	37	40	95	95	Sterna trudeaui voucher MACN-Or-ct 301 cytochrome oxidase subunit 1 (COI) gene, partial cds; mitochondrial	Sterna trudeaui	50	32	672	1	679
LGM102_ANI-3.15	707	377	697	85.431	604	0.0	39	42	99	99	Lepidochelys kempii isolate 23 mitochondrion, complete genome	Lepidochelys kempii	61	6	672	5407	6111
LGM102_ANI-3.15	707	377	697	85.431	604	0.0	39	42	99	99	Lepidochelys kempii isolate 6 mitochondrion, complete genome	Lepidochelys kempii	61	6	672	5407	6111
LGM102_ANI-3.15	707	377	697	85.431	604	0.0	39	42	99	99	Lepidochelys kempii isolate 13 mitochondrion, complete genome	Lepidochelys kempii	61	6	672	5407	6111
LGM102_ANI-3.15	707	377	697	85.431	604	0.0	39	42	99	99	Lepidochelys kempii isolate 3 mitochondrion, complete genome	Lepidochelys kempii	61	6	672	5407	6111
